date ,average_price,total_volume,PLU 4046,PLU 4225,PLU 4770,total_bags,small_bags,large_bags,xlarge_bags,type,year
12/1/2016,$9.03,87.44,30.81,55.28,8.34,8.34,87,77,20,M,2008
5/1/2020,$1.64,86.41,24.91,17.56,34.3,33.67,81,60,81,M,2004
4/6/2018,$3.31,10.02,39.92,22.71,35.61,85.95,31,68,10,F,1995
5/18/2017,$4.27,43.16,74.29,45.34,65.09,73.08,19,12,73,M,2009
11/2/2015,$8.00,52.08,78.97,1.91,99.47,74.34,62,30,92,M,1991
3/16/2018,$9.18,81.82,65.83,21.68,18.77,1.15,80,41,50,M,2003
6/18/2016,$7.88,45.71,79.32,83.22,31.02,38.38,71,4,90,F,1993
12/22/2019,$8.50,20.07,23.95,49.8,70.96,8.47,42,72,88,M,1985
2/26/2016,$2.84,95.13,32.26,98.94,38.79,65.76,44,75,75,M,1996
11/14/2015,$3.13,72.94,82.97,10.16,38.05,86.18,5,67,39,F,2009
7/14/2016,$9.37,44.33,45.96,16.31,14.92,90.44,98,48,51,M,2012
10/1/2019,$5.89,90.15,43.03,26.54,31.83,18.75,8,16,2,M,2013
8/31/2017,$7.27,14.07,79.92,28.41,90.53,76.58,75,27,49,F,2004
6/24/2015,$3.25,63.55,9.84,48.47,31.16,17.28,89,53,53,F,1988
7/11/2016,$9.95,95.93,83.36,46.33,84.2,7.71,36,81,4,F,1998
5/30/2018,$6.98,48.79,49.92,10.44,8.5,72.63,77,73,79,F,2013
5/24/2017,$2.39,29.21,15.85,5.27,56.99,81.52,20,43,80,M,1991
2/24/2016,$7.67,8.83,67.23,42.55,47.5,30.19,5,17,89,F,2003
3/10/2015,$3.41,98.26,68.58,66.06,4.75,14.16,33,32,87,F,2006
3/1/2018,$3.88,16.53,96.38,84.89,84.68,28.25,32,71,100,M,2007
2/29/2016,$8.77,10.72,25.24,16.24,95.92,42.43,49,27,91,M,2006
10/9/2019,$9.25,76.74,46.7,3.1,49.25,78.59,82,70,66,M,2004
1/1/2020,$1.12,52.12,9.87,22.3,67.99,3.78,90,37,46,M,2009
7/22/2015,$9.52,38.85,26.72,31.99,60.85,24.46,31,25,69,F,2002
12/10/2017,$3.63,80.8,64.79,62.14,97.52,5.86,78,2,63,F,1996
8/31/2017,$4.52,30.95,80.98,72.81,38.76,4.34,41,40,17,F,1988
1/13/2020,$2.05,33.05,51.08,10.57,37.24,55.58,99,22,85,F,2002
6/25/2015,$1.20,86.69,24.75,92.69,13.19,68.93,73,52,82,F,1999
1/27/2015,$0.57,70.26,89.24,32.35,51.27,82.08,88,15,79,M,1987
6/20/2015,$4.91,4.43,37.75,2.78,33.22,75.91,17,12,13,M,2001
4/27/2016,$7.51,62.25,95.31,82.01,90.93,90.47,92,58,52,M,2000
2/17/2019,$8.50,24.68,14.65,18.45,65.24,55.77,80,10,24,M,2012
3/3/2018,$4.99,85.86,19.95,87.96,75.36,57.96,34,64,14,F,2006
4/18/2019,$8.44,97.14,9.1,82.05,82.5,44.72,45,65,89,F,2003
12/20/2015,$0.62,66.48,87.31,18.85,76.91,44.08,4,73,92,F,2004
2/16/2019,$1.14,66.22,19.8,2.45,28.29,80.04,33,2,40,F,2011
4/20/2015,$1.49,48.58,68.42,12.38,40.9,83.24,93,28,53,F,1989
1/7/2020,$6.83,13.46,73.16,73.55,90.25,31.02,33,1,51,M,2008
6/12/2017,$5.60,23.91,14.67,55.67,95.28,30.62,29,8,66,M,2004
2/5/2018,$3.11,4.02,3.47,83.47,52.14,28.24,55,31,27,M,2006
2/8/2018,$0.48,77.68,68.9,19.26,75.64,54.62,56,17,99,M,2006
11/7/2018,$5.32,5.77,66.33,78.57,10.74,76.6,74,93,12,M,2006
8/4/2017,$1.83,94.0,46.25,33.83,76.22,81.61,73,16,55,F,2002
6/1/2015,$1.24,59.34,73.45,94.27,31.79,70.06,1,13,42,M,1998
8/2/2015,$6.02,18.64,67.04,34.06,10.86,72.56,18,97,70,M,2012
10/18/2018,$9.90,27.59,74.61,89.58,95.58,33.53,3,33,14,M,2005
5/5/2015,$4.62,14.08,74.78,44.67,24.11,83.0,20,23,95,F,1995
5/2/2015,$3.71,13.79,82.69,69.76,82.04,19.54,80,14,23,M,2008
3/19/2020,$8.07,92.89,51.89,85.24,74.07,19.26,78,74,21,F,1967
3/20/2016,$7.65,78.68,72.19,60.03,4.71,33.83,87,38,83,F,1986
12/15/2017,$6.11,87.59,91.32,40.29,24.96,63.33,60,76,88,M,2004
2/7/2020,$8.63,9.36,61.77,89.71,43.98,35.69,72,19,17,M,2007
4/16/2019,$2.73,52.15,21.41,83.35,19.28,68.43,11,7,39,F,2009
11/3/2016,$4.73,85.38,2.13,39.6,98.45,48.7,99,15,12,F,1994
5/3/2018,$1.01,89.46,43.69,50.14,78.92,7.75,51,83,50,M,1984
4/13/2019,$2.32,40.5,94.29,84.08,88.14,87.15,69,48,37,M,1992
12/10/2019,$7.58,93.87,58.19,23.77,9.67,34.74,95,73,46,F,2003
1/28/2015,$1.58,33.46,91.08,33.14,73.35,66.47,54,4,73,F,2008
11/22/2019,$8.75,9.97,19.19,42.0,63.11,52.28,8,100,5,F,2007
3/12/2019,$8.20,28.8,62.93,79.61,31.12,98.62,19,16,21,M,1999
8/3/2015,$5.89,1.98,73.99,54.32,84.03,81.3,32,67,4,F,2010
8/5/2015,$1.82,69.59,95.55,17.54,79.01,11.27,27,47,50,M,1992
11/6/2015,$6.94,85.23,16.38,93.1,1.19,90.42,90,49,78,M,1969
10/18/2015,$8.28,15.07,1.96,97.17,59.4,35.43,29,37,99,M,2005
8/12/2015,$8.07,36.09,70.2,53.46,58.81,5.63,10,100,58,F,1997
8/7/2017,$5.98,89.33,61.01,40.24,83.22,34.8,91,1,37,M,2012
8/17/2015,$7.56,25.92,71.6,23.14,74.66,48.59,57,11,84,F,1977
3/3/2016,$2.56,51.21,16.2,79.51,95.76,88.66,9,91,5,M,1997
12/9/2018,$2.13,67.66,94.41,11.85,82.73,89.11,57,31,87,F,2010
4/28/2019,$3.95,71.59,31.56,31.34,29.8,59.23,60,99,5,F,1999
9/22/2017,$5.60,18.33,59.48,68.45,22.76,68.65,38,22,38,F,1997
12/12/2015,$4.89,46.83,16.09,37.84,47.96,85.35,90,61,98,M,2000
7/15/2019,$0.45,79.42,67.54,80.94,56.59,77.47,5,54,34,M,2003
1/1/2018,$8.13,58.1,77.01,69.65,58.7,40.84,54,33,42,M,2003
3/2/2016,$7.40,74.89,76.78,69.37,64.85,94.84,10,60,80,F,2008
1/18/2020,$5.89,61.07,2.46,22.61,22.53,29.64,71,8,4,M,1999
2/6/2015,$1.99,12.93,61.08,38.14,90.77,43.0,25,79,79,F,2007
9/30/2017,$8.85,37.1,21.8,7.28,44.74,52.39,37,48,54,M,1994
12/3/2017,$1.78,41.9,23.35,12.16,23.21,63.42,63,45,67,F,2003
12/11/2017,$0.85,82.07,34.59,86.6,18.35,16.07,3,42,9,M,1992
3/26/2015,$2.89,87.37,81.38,98.7,3.37,43.78,42,85,29,F,1964
5/30/2016,$1.51,61.02,10.58,48.8,6.28,10.35,44,82,26,F,1991
1/8/2015,$1.52,97.9,23.65,24.58,1.31,56.1,100,68,21,M,1992
1/21/2020,$0.24,30.82,57.06,53.82,96.97,14.64,51,72,39,F,2005
3/17/2016,$4.23,32.74,83.16,94.59,31.58,68.82,11,8,17,F,1996
11/13/2016,$8.17,10.98,32.67,72.98,95.74,77.44,20,45,3,M,1988
12/6/2015,$1.60,17.28,7.48,92.42,76.77,97.5,77,86,84,F,1980
5/13/2019,$3.76,53.52,19.35,50.17,88.62,48.72,11,51,26,F,2007
10/30/2015,$9.05,5.64,55.53,97.1,13.11,75.24,76,50,25,F,2004
6/19/2017,$6.21,58.27,49.06,68.6,92.36,12.28,2,4,63,M,1995
2/10/2018,$5.83,31.02,3.58,22.45,13.92,40.68,28,32,25,M,2009
7/29/2017,$2.04,94.11,45.73,88.32,54.51,70.38,38,26,34,M,2011
5/9/2016,$6.97,14.0,21.9,53.8,34.5,5.92,38,29,86,F,1994
4/30/2020,$5.94,63.79,79.53,63.34,42.66,80.65,89,92,95,F,1997
12/7/2019,$2.71,73.2,77.97,56.38,93.1,23.12,10,23,23,M,2010
2/22/2015,$3.27,32.82,93.88,81.89,92.69,45.64,33,85,2,F,2008
7/1/2017,$9.14,69.35,51.3,91.09,30.42,88.77,42,99,12,F,2005
1/17/2016,$9.53,88.92,82.09,59.91,10.01,91.45,46,11,64,M,2004
4/17/2016,$5.99,36.99,33.23,27.53,8.78,33.13,44,40,63,F,1999
2/11/2017,$0.74,34.75,60.18,57.02,86.94,99.4,59,43,59,F,2008
5/6/2019,$7.54,71.52,70.42,58.7,56.57,24.0,16,50,36,M,1988
10/7/2019,$3.39,77.15,65.35,36.1,76.28,55.2,31,35,72,F,1988
7/8/2019,$4.54,39.0,51.3,75.49,27.57,24.55,98,6,79,F,1995
10/5/2018,$4.75,78.17,13.33,56.92,55.04,30.19,9,20,22,F,2011
12/15/2016,$9.94,95.61,63.02,36.27,95.49,75.28,70,80,1,F,1996
4/20/2018,$4.72,14.1,64.94,34.65,66.65,90.57,57,22,77,F,1989
8/3/2016,$0.78,64.74,77.18,5.06,39.13,83.33,4,80,52,M,2012
2/23/2020,$4.32,67.61,60.46,50.33,54.39,84.8,96,73,78,M,2008
2/4/2016,$6.82,58.62,59.42,32.13,90.45,19.85,13,77,42,M,2006
4/6/2016,$7.07,24.88,64.51,62.63,23.53,74.71,5,17,63,M,2008
6/13/2015,$6.62,4.34,50.09,7.24,74.68,24.9,28,44,2,F,2004
3/17/2016,$6.80,64.65,27.22,83.92,60.73,32.49,3,27,34,F,1996
4/22/2017,$9.01,95.75,33.49,73.81,77.18,11.86,61,44,77,F,2004
1/25/2019,$6.94,20.54,78.15,15.42,23.71,95.93,9,81,58,M,2006
11/2/2015,$2.77,44.19,85.59,22.04,31.37,1.16,15,83,10,M,1993
3/8/2017,$2.56,73.51,65.12,67.35,44.16,80.72,81,58,59,F,2000
11/13/2017,$7.75,11.31,80.51,49.58,49.11,66.99,23,63,47,F,2007
11/6/2016,$2.78,54.84,5.23,96.13,98.96,15.07,27,76,42,M,2005
7/19/2015,$3.30,61.85,83.35,31.56,88.27,28.39,7,31,88,F,1997
4/18/2018,$5.55,81.54,88.8,31.48,78.29,93.57,38,31,22,F,1991
7/5/2018,$0.84,62.02,51.78,52.76,21.41,49.62,29,2,4,F,2012
2/2/2017,$7.21,99.63,80.92,46.85,57.96,97.79,80,64,24,M,2001
5/22/2019,$0.47,98.62,15.8,85.85,80.94,31.15,82,61,48,F,2013
8/31/2018,$5.87,88.37,43.28,90.31,90.77,51.74,8,7,73,F,1996
5/8/2016,$8.91,7.95,57.25,97.77,37.36,1.1,25,86,99,F,2009
6/22/2018,$0.08,62.01,25.07,98.87,8.4,67.0,20,41,15,F,1998
1/9/2016,$9.31,31.1,14.18,75.03,60.77,83.44,75,32,76,F,1996
10/19/2019,$4.57,18.25,72.48,66.96,80.55,10.31,27,96,73,F,2006
7/21/2016,$3.01,42.16,51.53,29.33,33.84,69.85,57,64,30,F,1985
11/20/2016,$9.24,22.85,15.02,79.91,86.55,47.97,21,33,23,F,2007
9/27/2015,$0.44,26.23,23.03,32.68,19.39,9.84,63,55,99,M,1993
7/31/2019,$6.48,64.47,39.8,76.09,14.58,33.67,29,34,18,F,2002
8/27/2018,$5.18,65.77,35.76,27.31,77.63,63.29,10,29,69,M,2009
4/23/2016,$0.05,13.31,95.03,92.85,40.43,58.76,98,44,23,M,1960
1/14/2020,$2.46,67.15,1.45,95.59,25.37,77.11,8,98,94,M,1984
4/12/2015,$2.00,88.63,78.11,8.78,41.57,78.9,47,95,97,F,1990
2/16/2015,$0.31,5.85,8.54,37.37,47.51,13.55,70,28,69,F,2007
1/2/2016,$8.70,35.66,59.42,38.74,33.6,4.72,27,47,26,F,2008
2/23/2017,$2.32,70.68,62.33,7.11,43.24,33.17,30,17,56,M,1999
12/31/2019,$4.77,18.03,97.72,77.0,48.48,60.27,78,16,84,M,1994
3/21/2018,$3.05,27.6,65.02,35.76,95.09,87.09,70,36,5,M,2012
4/12/2015,$0.01,57.84,28.18,29.43,26.05,64.97,24,84,11,M,2005
12/28/2016,$5.72,12.31,40.48,64.86,47.61,62.04,86,25,79,F,1989
2/25/2016,$8.08,65.72,53.78,61.11,51.69,71.63,61,45,61,F,2011
5/18/2016,$2.20,44.15,38.98,86.27,36.94,35.78,16,41,59,F,1998
10/25/2019,$9.87,67.43,65.64,54.43,53.78,40.98,43,60,33,M,1987
5/18/2018,$9.00,67.19,26.68,12.1,18.12,33.0,87,58,79,M,2006
7/27/2017,$9.32,35.88,55.86,23.48,37.11,8.23,94,97,1,F,1988
8/22/2019,$3.04,71.88,88.91,13.41,32.44,26.72,8,52,59,F,1987
4/2/2017,$9.83,25.41,11.06,24.65,83.44,48.64,78,35,79,F,2011
12/30/2017,$5.48,69.76,29.85,7.45,60.78,52.07,26,68,19,M,1976
11/10/2018,$7.00,96.8,93.77,5.7,4.44,28.53,95,21,79,M,2002
2/20/2020,$9.42,42.85,85.35,83.97,73.75,50.17,60,20,43,F,2008
10/9/2018,$9.81,40.1,44.07,92.29,67.69,18.91,70,52,48,F,2010
11/19/2016,$3.37,66.02,18.05,18.48,42.71,51.08,26,53,100,M,1998
6/18/2016,$0.06,14.4,71.95,55.17,67.51,41.86,20,48,65,F,2006
4/17/2020,$1.41,90.11,8.0,85.91,65.42,9.88,25,32,33,M,2012
6/1/2015,$7.95,20.39,27.96,89.73,86.34,48.37,23,49,4,F,2009
8/3/2015,$7.52,87.79,37.0,61.97,40.9,27.32,94,46,99,M,2003
10/26/2018,$4.75,5.21,48.7,9.66,66.54,16.51,6,83,93,M,2010
6/13/2019,$8.64,92.0,14.68,87.69,11.29,20.86,78,16,21,F,2007
1/25/2016,$1.13,84.08,55.21,27.83,24.77,60.95,41,92,60,F,2005
1/15/2017,$4.79,67.42,98.75,25.19,77.8,49.78,1,80,58,F,1997
2/2/2020,$2.87,13.06,49.77,8.32,47.35,34.69,34,30,59,F,2011
12/10/2015,$3.82,8.9,90.77,11.0,58.4,1.43,75,57,99,F,1967
5/15/2017,$2.20,66.99,12.76,13.29,30.9,81.51,29,24,95,F,1990
7/17/2017,$7.06,71.49,3.54,68.35,5.28,26.85,67,80,11,F,2004
5/22/2016,$6.02,34.03,74.01,50.72,99.37,87.94,26,50,84,F,1999
5/2/2017,$7.13,36.36,62.86,78.24,99.26,51.38,79,18,44,M,2012
7/15/2019,$4.95,4.91,59.9,25.07,94.18,41.62,48,71,20,M,2011
9/22/2019,$2.64,44.21,52.35,13.54,50.96,60.5,15,80,97,F,2004
6/12/2015,$6.05,89.68,23.11,34.29,63.67,90.52,82,10,34,F,2010
12/15/2018,$9.88,23.41,65.46,95.28,61.86,11.13,27,6,56,M,2005
11/13/2016,$9.47,73.05,63.99,24.46,49.92,31.61,63,74,23,M,1993
11/24/2015,$6.36,22.13,61.62,74.29,4.81,84.26,35,59,31,F,2001
6/17/2018,$2.30,40.33,47.06,85.97,53.2,74.64,93,30,59,M,2012
2/9/2020,$0.23,82.24,46.78,94.19,37.56,78.17,53,13,43,F,2006
3/28/2019,$9.90,78.44,80.97,97.72,9.93,88.63,7,2,2,F,1994
4/9/2020,$4.78,55.71,75.71,16.21,34.17,67.74,94,99,24,M,2008
3/30/2017,$6.29,40.56,74.28,88.99,67.37,1.31,27,62,47,F,2011
4/10/2016,$8.71,82.2,76.94,35.29,39.56,65.56,50,73,60,F,1997
4/17/2017,$3.68,74.43,4.71,4.69,8.06,23.78,3,94,32,M,2004
9/10/2017,$8.13,60.61,25.71,98.7,80.07,57.24,64,18,11,M,2002
8/31/2016,$5.92,82.57,85.45,3.62,77.2,79.93,6,54,73,F,2010
3/8/2017,$8.44,58.98,30.31,36.85,44.64,36.55,45,84,29,F,2007
12/16/2015,$2.83,77.57,11.78,86.37,16.91,17.32,74,2,64,F,1993
12/24/2018,$1.72,25.91,93.83,15.54,90.23,18.92,21,50,68,M,2006
11/5/2019,$5.16,24.14,42.15,27.48,99.49,94.42,79,11,60,F,1986
10/2/2015,$2.01,83.44,62.27,44.05,16.1,16.3,68,48,47,M,1992
8/7/2019,$4.45,75.62,84.99,89.12,88.91,3.2,61,63,14,F,2005
6/14/2019,$0.37,15.79,91.98,11.89,71.72,90.27,12,18,13,M,2004
1/29/2016,$0.29,23.52,18.41,62.98,81.47,57.11,45,77,13,F,1992
2/16/2020,$7.69,21.19,99.49,81.06,94.66,62.09,78,67,84,F,2007
10/16/2018,$5.94,98.31,39.06,11.77,74.75,70.27,8,74,99,M,2007
5/18/2015,$6.14,39.31,3.09,48.5,51.96,96.65,45,12,52,F,1967
4/11/2020,$5.36,2.71,98.57,16.28,90.23,17.16,49,48,44,M,2010
1/24/2015,$5.47,80.63,43.5,73.44,41.15,27.1,15,64,60,M,2006
4/1/2015,$1.53,17.2,64.2,73.52,13.24,24.95,61,7,51,M,1998
9/25/2017,$3.30,54.49,88.63,70.28,43.82,79.7,12,12,17,F,1996
12/28/2018,$5.38,65.35,34.55,12.1,24.11,70.4,7,88,69,F,1992
8/3/2019,$6.71,50.45,8.86,32.93,71.39,8.91,17,67,21,M,1997
4/6/2017,$9.01,23.94,55.18,6.66,92.89,12.49,77,39,72,M,2007
2/14/2018,$7.61,32.25,35.4,1.93,84.14,33.72,45,70,64,F,1999
8/29/2018,$7.04,28.43,13.34,26.47,58.27,48.98,31,38,48,F,1992
7/31/2018,$7.82,54.79,31.8,66.43,25.28,57.56,56,80,16,M,2010
6/15/2017,$2.78,71.83,14.33,56.91,73.38,7.11,35,43,32,M,1999
3/20/2018,$2.45,11.47,37.39,75.39,72.85,38.28,67,78,72,F,1983
11/23/2015,$2.79,31.04,55.03,43.12,7.07,46.68,31,44,76,F,2013
10/16/2019,$1.63,31.68,38.2,10.13,31.85,46.99,38,49,28,F,2012
2/16/2015,$0.77,77.44,7.31,24.76,29.9,21.34,60,72,53,M,1989
7/12/2019,$0.82,22.21,57.86,95.19,56.62,23.59,26,82,7,F,1996
1/15/2020,$6.94,13.74,80.12,13.95,29.94,35.43,93,10,84,M,1999
8/17/2018,$2.14,86.82,55.08,99.39,29.53,49.85,74,65,72,F,1997
7/15/2016,$0.04,40.23,47.72,68.96,67.49,10.88,62,44,26,M,1995
1/22/2018,$8.25,81.75,13.89,87.31,79.19,99.86,84,77,2,F,2006
7/12/2016,$4.48,17.7,33.77,97.92,57.91,34.03,30,88,63,M,2007
6/23/2017,$8.71,74.92,13.22,85.89,44.14,73.3,55,16,100,M,2007
9/17/2019,$9.51,28.19,87.38,6.28,81.82,33.38,21,62,6,M,2002
5/2/2020,$8.42,52.58,40.23,61.79,81.84,72.69,83,4,2,M,2008
8/20/2019,$8.77,13.04,53.27,46.98,93.4,5.21,25,2,69,M,2002
3/29/2016,$3.30,65.24,78.87,84.24,7.14,53.98,59,20,28,F,2006
8/19/2015,$2.74,14.69,43.05,82.79,82.52,33.83,75,43,12,F,2011
9/13/2019,$1.68,29.29,83.86,54.22,18.45,76.04,32,100,15,F,1992
8/29/2019,$9.45,63.84,99.34,33.34,32.34,15.08,1,23,69,M,1994
5/22/2016,$7.79,10.05,2.02,72.03,90.92,28.14,14,76,15,M,2007
10/16/2017,$3.46,82.65,69.75,59.89,31.66,19.98,35,6,14,F,2011
1/12/2015,$2.61,83.34,7.31,79.27,55.45,5.08,38,17,84,M,1993
9/29/2018,$6.30,78.5,34.21,74.62,76.0,40.25,15,75,68,M,2002
10/12/2015,$2.87,69.24,83.26,64.0,79.59,96.39,78,88,10,M,2006
1/21/2016,$0.46,40.22,64.04,25.5,68.69,18.47,9,46,30,M,2003
1/11/2016,$8.01,77.84,37.74,21.65,64.2,38.59,85,93,23,F,1994
2/15/2018,$2.89,90.77,25.88,55.35,83.97,52.14,29,22,15,M,2009
6/14/2015,$6.74,57.25,66.42,7.37,6.08,6.32,50,84,44,M,2005
8/18/2017,$5.07,16.4,65.56,67.72,46.19,62.11,33,33,23,M,2005
3/3/2016,$0.42,3.92,80.35,83.92,99.81,97.81,75,38,52,F,2000
11/20/2016,$5.44,1.31,3.6,72.01,35.21,77.03,89,82,73,M,1990
4/18/2017,$7.90,77.84,11.89,5.1,37.26,62.56,77,99,46,M,1995
1/2/2020,$1.34,90.8,71.07,95.87,10.02,51.73,39,55,28,F,2004
7/15/2015,$1.41,62.32,99.03,90.55,84.02,64.64,89,51,7,M,2003
10/16/2015,$1.47,91.06,44.49,51.39,21.34,95.99,31,13,39,F,1995
12/30/2016,$2.89,84.72,69.24,18.93,69.67,79.2,38,2,41,M,1987
12/28/2019,$5.09,81.16,80.18,23.6,86.78,52.31,99,13,75,F,1992
6/29/2018,$8.47,34.36,85.1,21.73,48.97,67.08,91,94,82,M,2009
8/28/2019,$9.57,39.14,75.12,74.32,63.24,69.34,70,65,48,M,2007
5/4/2020,$2.53,37.05,7.5,29.0,26.86,26.01,92,6,54,M,1990
8/5/2019,$4.52,94.23,52.76,66.29,23.89,72.28,52,76,100,F,2010
11/4/2018,$4.54,7.45,88.62,84.85,63.98,13.29,94,24,54,F,1993
3/13/2018,$9.34,69.34,32.48,72.03,15.46,57.73,24,95,54,F,2005
2/5/2019,$5.68,14.61,82.49,74.45,29.19,63.63,92,39,21,F,2011
10/20/2017,$3.90,39.38,17.76,32.47,66.15,21.8,49,92,48,M,2006
10/4/2017,$4.21,57.45,10.94,47.32,55.98,81.62,61,45,2,M,2011
12/6/2019,$1.41,55.99,53.76,99.05,94.74,34.77,30,25,90,F,1994
2/5/2020,$2.23,33.25,49.85,74.76,57.53,15.69,21,88,49,F,1993
1/22/2015,$5.92,27.14,71.29,26.62,66.0,73.11,7,61,29,F,1989
12/10/2019,$8.52,26.6,78.86,52.36,16.18,81.01,21,37,6,M,2006
12/20/2015,$9.52,57.79,61.01,37.53,30.07,78.25,54,7,84,M,1992
1/8/2017,$3.54,94.61,91.21,13.82,4.17,48.6,74,6,17,M,1993
11/12/2015,$9.64,10.33,80.79,7.36,5.03,50.69,46,86,95,M,2009
5/10/2020,$3.89,71.47,34.28,73.64,64.39,41.33,88,78,75,M,1995
12/30/2016,$6.09,97.84,62.4,67.38,45.71,74.66,16,92,90,M,2012
2/11/2017,$7.52,20.53,80.26,31.6,99.87,45.29,18,77,77,M,2000
7/9/2015,$9.54,62.54,57.15,52.77,15.68,13.57,48,77,52,F,2003
11/3/2015,$1.64,17.75,79.4,91.1,68.37,14.1,60,14,48,M,1997
2/11/2020,$7.94,12.78,87.29,16.01,81.6,24.18,77,6,62,M,1994
7/7/2017,$1.58,66.3,82.57,98.65,58.16,54.99,15,71,38,M,2011
7/14/2017,$3.42,77.02,54.33,61.95,42.29,24.13,88,23,72,F,1986
12/20/2018,$8.92,5.63,95.94,23.43,46.58,73.75,50,99,65,F,1998
5/25/2015,$3.19,20.42,47.57,32.91,99.81,60.59,30,32,11,M,2003
8/12/2016,$4.42,39.54,98.86,56.23,90.84,87.2,30,33,36,F,2007
9/22/2017,$1.39,91.69,29.01,6.35,27.7,39.63,47,72,81,M,1993
1/12/2016,$8.65,15.07,12.35,81.07,2.68,82.47,3,29,13,M,2011
12/20/2016,$9.36,13.24,27.6,7.84,19.97,22.63,55,4,46,M,2009
12/10/2017,$1.66,96.99,10.7,93.54,36.5,25.63,9,100,66,F,1991
11/2/2016,$5.68,60.93,63.99,1.6,19.47,21.96,42,86,69,F,1991
11/29/2019,$6.87,8.93,26.61,2.36,53.57,51.71,25,52,49,F,1998
5/29/2015,$3.54,12.52,12.46,51.31,3.2,23.28,37,76,70,M,2006
8/4/2018,$0.79,63.92,52.56,20.35,20.83,34.19,61,85,4,F,1976
2/4/2018,$0.31,70.28,93.1,52.18,62.79,14.65,34,69,36,F,2009
4/10/2016,$2.21,94.75,58.61,49.52,88.33,47.15,51,90,53,F,2010
5/8/2017,$6.82,68.29,20.75,62.72,53.14,20.48,45,6,68,M,2010
7/7/2019,$5.67,63.56,92.55,58.19,5.41,52.48,13,78,71,M,1987
1/30/2019,$3.99,98.36,89.58,52.8,48.49,96.11,32,48,88,F,2000
6/15/2015,$3.61,75.85,21.93,78.19,15.11,47.9,4,39,30,M,2011
1/25/2017,$1.92,16.51,22.71,51.74,77.79,63.88,80,72,93,F,1991
2/20/2018,$7.62,34.92,79.42,70.57,46.08,81.53,55,13,85,F,2002
3/22/2018,$8.44,95.17,5.84,27.91,55.21,54.36,28,20,14,M,2012
2/21/2020,$1.39,95.39,32.96,16.03,96.35,18.81,88,75,70,F,2011
4/23/2017,$1.78,55.29,68.68,18.2,62.49,80.42,56,11,64,M,1993
8/7/2019,$1.07,87.27,20.28,43.42,24.86,11.09,64,32,5,F,2004
5/6/2015,$3.07,89.71,4.14,54.95,52.83,99.53,35,20,99,M,2003
12/10/2016,$3.59,32.82,7.55,12.82,38.98,47.95,7,22,32,F,2008
4/20/2016,$8.18,52.28,31.85,64.32,90.52,80.83,78,82,78,F,1998
9/9/2019,$4.85,73.6,44.15,15.63,63.62,67.41,13,49,48,F,1992
3/14/2018,$0.33,10.54,13.04,55.52,20.11,72.28,83,91,97,M,2003
3/17/2017,$9.35,35.15,74.8,21.44,91.24,91.69,35,28,60,F,1997
5/23/2018,$9.40,60.79,85.19,80.8,68.3,78.55,30,38,42,M,2007
4/4/2016,$1.34,36.86,41.9,56.47,66.96,16.47,78,63,72,F,2010
1/12/2016,$4.37,26.83,14.2,57.5,51.5,11.53,23,46,40,M,1996
5/28/2017,$5.27,52.5,92.86,54.73,82.15,99.64,91,35,58,F,1992
12/8/2015,$0.47,91.74,43.06,69.47,96.35,37.05,41,67,1,F,2003
1/20/2017,$8.26,73.4,90.79,55.12,79.4,99.8,44,23,26,F,1996
2/14/2018,$4.98,15.94,77.37,68.25,93.82,36.6,5,44,9,M,2002
7/30/2018,$7.37,17.43,44.82,92.7,5.96,17.81,77,51,94,F,2010
3/27/2018,$9.95,32.17,27.56,5.29,82.52,45.19,94,55,51,M,1995
1/29/2019,$4.96,39.24,55.02,82.36,61.22,77.45,71,21,50,F,1999
11/26/2015,$3.50,83.38,17.95,42.47,62.48,58.64,91,66,81,M,1995
9/25/2015,$8.44,39.78,79.18,81.51,39.98,3.43,33,34,32,F,2012
2/9/2018,$5.14,79.14,24.06,83.1,79.21,47.17,9,58,45,M,2012
2/15/2015,$1.55,87.32,16.86,48.42,46.51,49.81,44,36,18,F,1990
9/20/2016,$2.66,68.37,72.37,86.81,58.59,38.76,99,97,94,M,1997
4/23/2020,$0.78,56.68,34.87,39.02,78.39,19.24,65,33,22,F,1988
4/20/2019,$8.84,94.91,73.15,89.6,30.56,54.23,60,67,98,M,2006
3/18/2018,$4.05,97.38,97.94,1.77,75.18,57.78,68,84,36,F,2008
5/9/2020,$8.06,57.12,37.54,93.3,40.68,50.61,46,58,56,F,1997
9/1/2016,$8.00,6.7,15.75,61.88,97.51,79.1,13,51,63,M,2002
6/19/2019,$2.08,36.26,98.89,96.24,12.64,52.44,67,95,97,M,2006
12/6/2015,$9.67,21.65,65.75,4.32,12.72,1.98,36,28,42,F,2010
9/14/2017,$2.41,64.85,53.93,23.61,30.14,2.02,81,96,88,F,2009
6/25/2015,$0.78,4.18,56.72,8.28,86.48,16.57,8,94,65,F,2003
5/31/2015,$8.83,83.54,81.77,75.23,85.04,99.89,12,98,28,F,1997
4/3/2017,$5.16,25.21,12.4,75.91,88.7,93.88,44,5,85,F,2007
6/2/2018,$7.45,4.36,44.83,43.22,66.3,93.45,43,8,47,M,1996
4/22/2018,$5.75,58.27,31.19,53.61,38.16,52.58,46,69,36,F,1994
6/16/2019,$3.27,97.75,57.08,40.73,33.1,64.5,96,88,30,M,2012
3/22/2015,$8.01,10.57,21.56,11.75,59.33,43.9,24,67,36,M,2001
1/24/2019,$6.73,21.2,96.04,62.87,24.77,16.23,41,86,71,F,2005
9/20/2016,$0.86,82.16,26.11,65.43,56.19,37.55,22,1,67,F,1990
5/1/2017,$4.93,89.44,41.62,30.3,47.53,89.09,8,16,67,F,1989
6/6/2015,$1.40,21.16,34.19,98.34,3.85,97.47,98,78,27,F,1993
1/29/2017,$4.47,66.2,9.74,68.13,3.71,12.2,74,81,28,M,2005
8/4/2019,$3.04,74.47,45.28,25.91,95.86,99.33,91,53,90,M,2003
2/2/2018,$3.21,55.39,5.54,74.77,80.52,72.62,22,31,98,M,2010
7/16/2019,$7.69,46.57,32.15,58.66,1.06,43.22,85,45,20,M,2007
1/3/2018,$1.47,28.41,72.56,25.25,93.85,11.9,8,80,19,M,1997
7/3/2017,$5.49,25.38,34.47,71.33,16.35,35.48,56,45,74,M,1992
4/15/2017,$7.03,69.64,44.4,68.77,87.32,26.81,48,77,66,M,2006
8/24/2018,$5.22,73.32,67.55,10.94,92.08,20.04,76,26,49,F,1999
8/17/2017,$0.24,85.46,69.07,81.49,53.81,37.04,45,92,35,F,1996
6/3/2019,$0.34,49.86,47.98,65.7,40.42,63.64,4,55,86,F,2003
8/16/2018,$9.87,72.78,77.65,89.45,32.52,58.23,16,17,45,M,1999
4/20/2019,$7.22,42.53,65.92,33.71,91.04,2.12,97,77,17,M,2011
2/13/2019,$9.21,99.78,88.92,41.33,81.01,39.12,22,72,71,F,2003
1/18/2020,$1.00,76.87,70.87,59.31,11.44,86.91,24,20,61,F,2002
5/24/2016,$0.45,7.1,74.05,20.49,93.41,30.17,49,45,32,M,1992
4/24/2020,$1.29,83.77,7.4,43.72,78.73,24.07,48,36,8,F,1990
12/3/2018,$9.55,36.65,34.31,32.53,35.19,76.19,44,14,63,F,2009
11/11/2016,$0.37,44.18,69.38,46.6,15.56,26.9,55,28,25,M,2007
6/6/2017,$5.17,32.63,13.63,72.18,74.42,67.36,35,60,86,M,1994
9/20/2019,$2.82,64.28,56.98,89.76,14.38,94.0,32,1,81,F,2010
4/28/2020,$8.31,83.18,58.78,88.62,20.78,13.03,61,89,2,F,1997
9/25/2016,$8.93,23.7,85.87,9.55,72.0,63.29,38,52,56,M,2001
6/22/2018,$2.59,24.75,87.72,56.83,58.33,14.08,91,32,7,F,2006
2/10/2016,$9.09,62.39,99.78,41.3,33.27,81.67,48,18,100,M,1999
8/23/2016,$6.58,62.89,40.08,98.37,61.73,96.31,95,82,80,F,2005
12/10/2017,$2.05,48.73,24.26,84.02,24.61,24.05,53,21,68,F,2006
3/2/2015,$5.47,10.78,92.76,62.26,71.43,18.07,28,64,24,F,1995
7/4/2018,$8.66,2.44,41.18,28.93,45.31,27.93,9,35,45,F,2006
9/29/2019,$1.65,22.06,29.74,41.44,31.48,26.75,34,18,9,F,2007
2/14/2015,$5.05,29.78,27.44,78.91,46.74,11.35,44,94,5,M,1999
4/24/2020,$8.67,5.86,72.87,7.34,46.46,89.78,97,88,20,M,1985
4/24/2015,$4.23,53.69,80.12,64.26,33.39,30.98,78,45,30,M,2006
8/3/2017,$0.95,94.34,13.73,25.97,65.0,35.3,91,12,91,M,2000
5/25/2015,$0.61,97.81,98.24,36.08,35.24,21.69,71,1,27,F,2007
3/16/2017,$0.13,57.34,52.73,86.97,75.28,10.45,25,50,39,F,2000
11/14/2017,$1.68,62.17,68.83,68.73,64.7,70.07,40,3,89,M,1999
9/27/2015,$0.78,58.29,29.86,64.81,21.69,62.57,70,80,100,M,2005
3/22/2017,$6.73,29.65,1.46,12.82,64.97,96.91,53,93,19,F,2002
2/12/2015,$0.49,21.59,91.96,5.85,84.75,92.58,55,27,95,M,1989
10/13/2016,$4.16,78.82,42.01,96.87,80.16,18.89,18,75,17,M,1987
4/5/2015,$6.86,47.75,17.55,48.81,9.14,99.03,44,49,87,F,1999
4/26/2019,$6.70,19.64,37.87,37.43,53.95,1.04,100,24,44,M,2009
1/25/2020,$1.06,15.38,17.13,75.19,62.69,38.12,75,22,48,F,2000
3/27/2020,$2.79,7.69,55.04,95.43,58.11,10.38,6,10,66,F,2012
4/16/2015,$6.32,53.31,22.8,80.11,3.5,12.71,7,45,43,M,1991
11/19/2019,$3.02,7.0,7.22,31.8,44.32,48.71,37,63,70,M,2011
4/26/2018,$7.28,50.05,96.48,4.37,35.24,4.79,11,52,61,F,2002
10/4/2016,$8.30,54.4,68.69,48.41,67.52,51.94,48,40,33,F,1995
11/18/2017,$7.70,18.2,73.04,68.99,95.15,8.63,10,16,47,M,2010
10/10/2016,$2.33,79.81,7.83,80.77,29.87,67.82,90,11,53,F,2012
12/8/2016,$9.56,42.03,42.51,32.53,75.53,53.04,12,32,65,F,1989
8/22/2016,$4.44,49.37,3.2,72.64,73.77,70.53,69,80,25,F,2013
6/23/2018,$4.17,66.14,39.79,37.88,63.36,1.86,62,73,49,F,1992
11/12/2015,$2.92,37.69,88.42,79.83,63.25,25.41,81,16,37,F,2012
11/19/2018,$5.33,72.83,79.15,65.12,92.58,60.0,86,85,35,F,2009
10/6/2019,$6.96,91.38,16.32,79.89,29.58,26.97,62,70,35,F,1986
11/17/2015,$7.18,36.73,19.53,3.03,54.69,73.05,30,77,66,M,2007
12/19/2018,$0.15,53.62,60.88,47.8,22.72,65.22,46,30,8,F,1995
11/25/2017,$9.08,25.55,54.91,79.7,42.6,70.07,49,85,20,M,1992
4/29/2019,$5.30,50.14,17.08,8.59,7.79,1.37,45,65,90,F,2009
5/15/2020,$7.57,52.61,7.17,78.55,70.33,10.75,33,58,8,F,2007
1/9/2017,$6.35,83.06,81.86,1.49,79.62,67.84,94,63,86,M,2012
9/16/2019,$5.32,55.62,14.49,30.05,18.03,51.37,11,4,20,M,1994
4/17/2015,$3.10,64.2,48.46,65.79,82.19,26.32,36,40,39,M,2001
8/23/2018,$1.69,86.62,93.84,16.1,73.22,60.66,68,71,71,M,2007
2/26/2015,$2.49,3.98,8.29,9.1,20.93,7.47,17,100,5,F,2009
7/28/2018,$4.71,11.86,76.24,96.52,15.85,17.41,19,69,72,M,2010
10/3/2016,$7.49,41.63,74.04,50.33,6.98,34.33,10,20,27,F,2006
4/1/2019,$6.30,91.03,17.34,98.25,79.19,62.1,94,28,82,M,1979
1/30/2016,$4.98,84.23,2.08,95.55,34.81,45.34,91,24,57,M,2005
5/18/2015,$0.96,7.39,35.52,74.09,49.91,10.81,26,29,7,F,2012
12/18/2016,$7.00,14.41,18.19,58.11,87.44,94.65,54,27,73,M,2004
9/17/2016,$0.51,65.04,38.43,10.58,12.13,97.99,91,30,2,M,1985
4/25/2015,$8.59,34.06,25.19,75.56,46.18,74.44,63,6,23,F,1984
4/8/2015,$4.23,1.76,35.14,72.43,95.7,65.42,99,97,83,M,2006
7/13/2015,$0.05,49.98,68.03,70.7,59.08,86.23,33,42,62,M,2011
10/1/2015,$1.10,32.65,56.84,40.03,28.12,94.3,91,11,30,F,2006
12/9/2016,$7.83,65.19,79.76,62.15,55.47,60.69,59,20,66,M,1992
8/5/2015,$1.46,74.07,12.74,29.83,54.43,88.36,13,90,70,M,2001
5/26/2016,$7.29,64.96,9.6,45.26,50.3,47.29,59,45,7,F,2012
12/5/2015,$4.84,12.15,42.65,44.12,85.59,60.71,57,89,9,F,1999
1/8/2020,$6.97,6.85,39.45,52.19,89.02,70.43,32,15,43,F,2008
2/14/2020,$6.18,74.82,36.51,29.1,50.71,69.72,63,69,4,M,2001
10/17/2018,$2.65,14.86,29.91,11.24,70.49,2.89,37,61,34,M,1994
11/11/2015,$3.63,84.89,29.71,62.15,38.21,18.19,97,11,2,F,2004
4/11/2019,$5.19,21.64,64.73,76.54,86.49,1.54,10,79,13,F,1984
12/29/2018,$5.68,2.78,68.12,49.73,15.23,84.12,22,47,61,M,2010
7/14/2018,$8.75,26.27,80.58,15.66,4.7,45.61,87,72,71,M,1997
9/15/2019,$1.01,47.28,41.38,41.4,5.76,38.72,54,64,30,M,2002
10/12/2018,$8.07,26.49,73.5,63.09,64.55,51.25,100,52,15,F,1997
8/21/2019,$7.75,87.28,3.05,9.74,53.99,67.43,50,55,14,F,2002
1/5/2017,$3.38,80.25,92.96,72.85,21.72,37.93,97,70,63,F,1997
5/28/2019,$9.07,37.78,21.67,34.42,91.08,1.55,62,48,3,F,2009
3/18/2016,$7.71,45.34,54.06,5.92,86.74,63.75,14,28,57,F,1995
10/31/2017,$7.51,24.51,74.37,79.77,69.12,64.38,65,55,2,F,2005
1/12/2019,$9.71,21.36,2.28,58.26,53.54,87.47,21,30,75,F,1993
5/7/2020,$6.32,26.0,8.86,96.22,34.18,54.65,26,33,75,M,2012
10/16/2017,$9.33,77.94,72.48,23.99,3.57,49.93,53,61,58,F,1996
12/1/2016,$6.23,88.12,26.56,4.49,69.07,24.53,51,22,62,M,2007
5/26/2015,$8.21,10.49,41.1,24.28,57.05,10.25,47,77,66,F,2010
10/30/2017,$5.20,15.4,17.11,18.75,72.88,31.84,71,20,33,M,2001
6/16/2015,$0.14,56.48,92.14,40.32,9.61,78.65,5,9,93,M,2002
3/9/2020,$4.75,86.0,64.55,68.39,43.17,68.13,98,83,85,F,2001
5/7/2017,$7.16,71.43,36.62,32.55,24.21,31.95,73,37,28,F,1989
3/20/2020,$0.62,85.22,71.44,13.17,10.8,78.29,66,7,22,F,2001
1/19/2017,$8.51,36.07,43.63,58.91,88.62,39.66,85,99,57,M,2001
10/25/2015,$8.06,86.18,11.98,61.42,87.74,95.74,6,60,15,F,2008
11/27/2015,$7.41,23.53,72.99,86.26,36.33,16.72,51,4,41,M,2001
6/17/2015,$0.72,5.36,86.1,51.09,6.92,10.06,44,55,16,M,1996
9/15/2019,$2.62,75.17,90.71,57.46,52.29,51.1,79,25,76,M,2007
11/22/2017,$3.03,39.89,77.48,63.0,26.13,77.27,24,87,89,M,1993
2/8/2019,$6.20,81.28,7.03,50.17,63.38,12.42,52,67,55,F,2008
1/9/2016,$7.59,31.93,4.53,55.42,89.03,25.6,28,8,68,F,1992
10/5/2018,$2.21,49.68,16.23,90.3,28.38,6.33,80,35,9,F,2007
8/16/2015,$5.14,45.22,34.93,92.43,37.3,75.5,43,70,30,F,1999
9/30/2019,$4.96,97.0,68.08,76.53,31.87,9.72,32,63,42,M,2010
2/9/2017,$6.55,38.59,34.05,31.96,39.08,43.94,13,88,7,F,2006
2/10/2020,$2.70,76.16,84.28,52.28,22.91,96.34,91,8,9,F,2004
5/7/2016,$8.06,63.63,41.57,92.88,47.51,76.27,26,23,14,M,1995
7/24/2019,$9.44,34.59,17.32,80.67,58.68,24.27,68,66,14,F,1987
2/28/2016,$5.40,30.87,9.7,97.29,8.85,5.47,71,24,50,F,2007
5/16/2016,$1.46,31.27,44.22,67.24,31.39,85.57,58,83,83,F,2012
10/3/2017,$9.35,29.38,24.73,42.6,73.02,13.89,32,80,3,F,1991
1/6/2017,$1.92,76.11,84.15,11.59,44.16,80.38,21,55,96,F,2008
8/17/2019,$3.01,91.31,11.5,62.89,90.17,52.25,29,31,6,M,1964
5/12/2018,$9.68,60.13,10.33,95.07,67.67,4.73,43,97,43,F,2008
3/1/2019,$3.09,52.34,98.51,56.9,54.95,26.62,26,73,20,F,2008
4/8/2017,$7.82,91.13,24.0,3.08,28.32,2.57,14,87,67,F,2012
12/11/2019,$1.41,17.26,25.26,16.2,97.43,51.78,35,70,75,M,2011
5/7/2019,$1.11,44.92,17.69,90.77,13.13,74.64,86,72,45,F,2012
1/31/2016,$2.09,16.21,21.5,90.5,41.34,32.29,67,17,58,F,2012
3/19/2019,$0.80,4.35,89.16,21.82,35.79,36.77,84,11,23,M,1995
6/26/2017,$4.22,70.37,28.97,15.34,64.81,30.38,93,28,41,M,1986
10/21/2016,$9.81,54.31,24.96,5.34,6.06,31.74,89,38,27,M,1993
8/13/2018,$8.84,59.53,12.24,11.28,60.87,99.26,25,50,9,M,2004
3/30/2015,$8.42,77.64,47.96,87.25,25.83,34.59,49,90,90,F,1994
3/26/2017,$8.79,90.39,48.64,86.97,92.84,56.61,9,38,39,M,1996
5/28/2017,$5.83,40.25,45.79,53.12,24.27,3.61,85,92,74,F,2003
4/7/2020,$6.62,97.79,81.59,27.42,39.35,81.49,17,12,69,F,1986
7/8/2015,$0.39,39.73,91.36,24.09,90.85,26.99,66,5,17,M,1992
7/30/2015,$5.96,54.36,54.72,83.21,49.17,14.78,69,30,58,F,1984
11/14/2019,$4.86,62.9,91.42,3.79,86.57,87.92,70,89,11,F,2010
4/10/2017,$2.42,41.24,88.71,55.17,81.53,95.69,87,65,78,M,2001
11/14/2018,$1.13,27.74,88.68,6.29,49.66,13.53,88,80,79,M,1997
3/28/2015,$3.63,34.1,97.15,84.25,57.54,58.62,62,24,17,F,2008
5/12/2016,$3.10,42.68,64.09,68.44,61.78,24.49,12,11,88,M,1997
3/28/2020,$3.45,59.13,81.67,77.73,76.79,21.66,14,82,11,M,1996
2/4/2018,$0.25,45.39,28.1,53.73,86.44,39.22,7,57,96,M,1998
12/9/2017,$4.14,22.86,26.9,34.9,52.76,77.14,79,99,62,M,1995
8/28/2018,$1.21,53.87,14.45,11.45,45.3,34.14,52,40,45,M,1997
4/22/2018,$2.91,69.67,31.66,88.89,44.55,57.65,33,40,88,F,2009
11/22/2018,$2.13,29.16,12.83,23.31,94.32,67.74,15,1,69,M,1992
3/22/2019,$7.63,83.78,60.82,59.98,40.73,32.48,89,99,92,M,2007
5/19/2018,$5.45,54.65,83.21,3.73,16.73,63.64,40,4,46,F,2010
3/21/2020,$6.79,12.13,81.18,91.77,61.05,53.48,3,45,13,M,1973
12/17/2019,$4.48,98.46,4.95,62.81,24.47,11.48,92,34,28,F,2009
9/13/2018,$4.41,19.57,37.31,42.73,57.89,34.93,67,18,84,F,2010
9/19/2017,$4.46,66.09,17.22,84.4,72.33,55.87,35,7,21,F,1996
8/7/2015,$8.40,58.79,40.48,53.24,88.06,70.35,89,15,40,F,2013
10/10/2016,$7.48,64.35,62.66,95.1,89.25,56.82,72,2,55,M,2006
4/26/2020,$5.07,36.31,58.23,38.31,18.58,59.18,7,11,80,M,2005
4/14/2015,$4.08,65.5,26.33,67.48,53.79,91.18,23,20,34,F,2011
6/23/2018,$8.60,25.45,87.9,65.39,78.72,53.97,61,54,40,F,1995
2/16/2017,$6.57,49.92,87.78,36.14,33.79,68.48,32,25,83,M,1992
3/17/2016,$7.75,25.21,59.54,36.75,53.53,13.77,46,81,52,M,1995
12/2/2016,$8.65,9.81,91.22,12.47,50.26,61.12,60,47,43,M,1996
8/14/2017,$0.17,4.96,85.06,12.34,34.54,34.86,23,78,24,M,2002
8/23/2017,$9.77,52.12,58.44,80.23,81.61,96.94,37,21,71,F,2002
9/8/2016,$2.38,86.99,85.08,82.7,99.58,57.21,34,29,46,F,2003
1/22/2018,$4.58,24.26,61.3,58.73,40.0,60.59,75,10,41,M,2010
11/2/2017,$9.44,52.27,75.14,46.28,24.78,47.75,49,32,50,F,2003
1/17/2015,$9.10,11.29,93.3,59.24,1.66,26.53,23,45,69,M,1993
8/26/2019,$4.07,16.59,94.58,6.26,41.72,44.09,51,83,18,M,1986
6/25/2017,$2.29,22.39,26.37,22.0,27.43,98.06,66,23,7,M,1997
5/1/2015,$8.31,69.58,53.84,53.5,99.84,59.98,73,65,61,M,1990
6/30/2015,$4.51,87.65,72.78,92.21,32.83,20.11,34,41,74,F,1992
4/26/2015,$4.35,62.63,76.47,45.52,24.13,58.86,28,55,100,M,2003
5/7/2018,$3.25,2.97,43.55,37.0,37.84,65.64,18,31,61,F,2006
10/13/2019,$1.81,15.91,24.5,77.09,41.84,98.79,26,29,79,F,2000
10/2/2018,$2.68,20.23,61.18,55.08,53.46,29.2,90,26,96,M,1991
10/22/2019,$9.21,73.12,99.21,29.82,71.62,64.14,71,39,29,F,2008
9/9/2018,$8.76,80.32,21.07,71.46,76.21,6.4,51,81,41,M,2009
2/16/2015,$8.99,97.69,40.15,97.68,12.38,74.2,17,94,99,F,2010
4/30/2017,$4.30,68.21,49.7,79.78,17.1,73.31,36,54,17,F,1994
2/15/2020,$6.17,65.0,57.07,67.53,19.86,21.04,26,44,26,F,1983
9/1/2019,$5.75,33.31,54.71,51.07,16.26,39.14,86,52,96,M,2006
4/22/2017,$1.44,53.85,63.51,82.95,85.36,88.31,24,64,59,F,2006
12/16/2016,$1.35,24.87,1.82,82.16,77.64,68.81,80,90,95,F,2006
3/19/2019,$6.46,59.83,90.77,65.16,13.0,9.56,30,11,17,M,1993
11/25/2016,$2.60,50.48,95.5,79.77,61.99,37.25,62,34,71,M,1987
8/29/2017,$0.90,85.94,41.21,69.14,28.0,61.26,26,70,38,F,2005
11/2/2018,$3.54,96.3,46.44,92.52,50.18,28.22,17,65,14,F,2004
9/23/2018,$6.99,59.29,78.14,23.08,10.42,94.44,56,76,45,F,1965
5/14/2018,$7.74,39.65,7.69,81.39,9.74,15.5,80,25,29,M,2010
5/21/2016,$1.72,17.92,97.33,40.11,51.99,12.98,61,83,90,F,2009
3/8/2016,$1.23,29.33,65.19,82.96,88.48,34.69,27,64,70,M,1987
7/14/2018,$8.94,10.93,36.58,86.2,1.48,86.01,70,12,81,F,2002
7/20/2019,$7.98,84.28,19.64,90.91,6.35,77.58,46,38,38,F,1992
3/19/2015,$9.30,39.18,14.97,21.0,20.03,77.44,93,60,15,M,2001
8/20/2017,$2.83,29.27,53.32,26.93,56.2,46.19,3,6,26,F,2006
12/11/2019,$3.37,5.74,66.08,67.22,63.08,35.57,88,81,21,M,2008
1/28/2019,$2.44,6.23,93.99,82.07,7.32,80.2,8,42,71,F,1995
1/21/2015,$1.69,90.03,72.01,18.19,50.91,21.34,56,28,19,M,2002
1/28/2015,$2.33,67.41,43.08,22.62,91.68,76.12,32,13,19,F,2005
4/20/2017,$0.62,47.98,67.55,53.04,96.66,49.63,93,15,58,F,2008
3/13/2020,$7.18,71.04,64.99,75.32,53.81,5.83,35,41,100,M,2007
7/26/2017,$5.30,23.83,48.91,13.85,66.01,31.88,77,85,11,M,2006
3/28/2015,$6.90,70.49,64.92,3.7,2.16,18.16,5,37,91,F,2011
4/5/2015,$6.51,75.87,53.13,10.87,82.22,29.66,34,51,57,M,1999
2/8/2020,$5.65,69.58,54.17,34.47,44.94,44.72,13,88,93,F,2011
2/11/2019,$8.18,92.28,58.98,18.22,2.83,60.23,86,65,8,M,2005
8/6/2017,$3.76,85.69,79.78,17.38,92.27,60.48,56,60,69,M,2010
10/10/2015,$3.47,52.15,37.25,68.43,13.1,72.87,2,60,26,M,2007
1/22/2018,$6.52,76.64,92.19,89.88,39.05,95.08,63,88,12,M,1997
5/2/2018,$2.60,95.28,63.42,78.36,65.21,3.72,90,9,76,F,2000
11/14/2018,$3.68,93.85,81.93,9.77,91.41,52.31,36,12,95,M,2010
10/13/2018,$0.26,64.74,28.16,22.04,23.39,55.76,52,24,20,F,1994
11/27/2018,$9.74,10.94,65.47,82.67,53.72,96.68,56,46,32,F,2011
1/27/2020,$4.56,33.75,86.68,62.18,78.66,59.9,85,33,83,F,1999
12/12/2018,$9.29,18.96,88.44,13.91,63.01,25.14,70,78,42,M,2011
11/7/2016,$1.21,27.51,55.59,40.76,52.74,41.02,72,3,99,F,2006
8/10/2016,$2.76,67.25,83.08,69.5,48.81,77.67,75,22,97,M,2004
6/25/2018,$5.68,20.71,39.24,29.25,68.13,6.13,93,2,92,F,2011
1/27/2019,$1.73,94.13,29.29,38.63,43.02,7.84,25,2,87,M,2006
6/16/2015,$3.55,85.39,33.25,50.3,63.54,18.34,31,20,32,F,2005
2/28/2016,$2.85,29.45,40.3,21.17,73.11,90.59,61,14,13,M,1997
5/10/2015,$8.00,36.45,28.42,41.74,34.78,16.98,90,77,10,M,1999
6/9/2016,$8.65,31.06,68.48,96.61,47.04,62.94,21,47,23,F,2001
2/25/2016,$5.63,76.43,90.91,50.12,25.78,70.68,60,32,18,F,2011
10/20/2016,$6.72,58.84,57.34,43.66,83.75,76.58,83,59,4,F,1993
1/4/2019,$6.51,69.89,86.44,83.0,15.56,8.37,12,13,9,F,2007
8/30/2017,$1.62,12.27,97.07,30.12,62.24,14.02,49,79,53,M,1998
3/30/2019,$1.42,30.7,92.48,92.32,92.52,64.74,73,94,38,M,2011
11/12/2017,$5.62,98.59,42.27,28.47,20.26,53.52,13,75,71,F,2007
3/9/2019,$9.32,65.16,95.22,47.84,38.18,83.2,21,38,56,F,2009
1/3/2020,$5.99,85.36,25.4,47.1,53.1,20.17,70,75,83,M,2000
1/30/2020,$8.92,3.02,67.18,17.24,53.39,41.57,90,2,3,F,2002
1/4/2019,$3.35,57.28,81.29,34.06,53.38,45.2,46,93,19,F,2007
7/5/2019,$3.36,79.99,56.65,92.33,30.78,64.03,21,67,28,M,1990
11/17/2015,$9.63,96.08,22.16,80.84,34.71,14.35,86,45,9,M,1993
8/24/2016,$2.45,46.98,96.69,27.61,43.42,43.82,55,46,36,F,1997
12/24/2016,$6.40,8.6,70.39,96.23,97.19,95.69,100,4,67,M,2002
8/13/2016,$2.88,76.78,81.6,55.57,7.14,81.55,31,19,41,F,2004
10/24/2015,$6.87,1.94,37.0,27.3,91.54,46.68,68,65,19,M,2004
9/11/2018,$7.55,49.63,63.79,94.04,97.0,67.29,92,97,24,F,1986
4/29/2015,$8.68,26.44,39.64,61.34,45.62,21.95,19,69,8,F,2007
4/14/2016,$9.76,83.88,13.23,14.7,81.9,82.99,8,51,62,M,1993
2/22/2015,$3.42,18.73,35.41,90.06,28.82,86.15,77,88,57,F,2010
5/12/2020,$8.24,28.35,29.75,86.66,42.75,99.92,43,72,65,F,1993
7/2/2019,$5.07,90.06,55.36,9.96,6.03,86.72,13,56,28,F,1995
12/6/2018,$2.77,21.81,20.37,81.33,54.76,10.93,21,36,49,F,2012
4/8/2017,$3.60,73.47,10.53,9.62,62.17,42.75,25,65,44,M,2008
12/4/2018,$0.94,60.79,20.78,68.76,71.61,56.35,9,44,89,F,1999
5/19/2017,$8.10,21.2,22.67,4.84,97.14,95.2,14,91,44,M,2000
7/7/2018,$3.84,28.63,59.92,18.63,4.96,77.47,19,55,59,F,1995
9/22/2015,$6.56,58.68,77.66,67.15,19.32,14.09,96,41,63,F,2000
11/11/2018,$1.37,43.02,11.31,90.41,4.43,51.39,50,26,100,F,1993
3/22/2017,$2.69,15.92,14.24,7.61,77.11,66.57,74,20,100,F,2009
2/25/2020,$7.92,76.25,55.01,11.11,78.11,83.21,5,90,81,F,1997
4/24/2015,$7.10,12.61,30.19,12.04,79.52,43.52,86,32,10,M,2012
6/17/2016,$0.63,83.81,34.44,36.88,58.24,72.66,25,81,54,F,1994
10/12/2015,$6.19,51.25,11.03,46.92,47.7,37.28,70,40,47,F,2004
10/27/2018,$3.72,74.64,55.25,7.97,75.58,15.68,69,7,2,F,2011
1/7/2020,$3.21,50.38,30.4,25.91,33.04,61.2,51,35,16,F,1987
7/17/2017,$1.93,91.54,47.28,70.17,20.36,3.68,81,84,2,M,1988
2/5/2018,$7.08,22.61,51.1,3.15,57.11,73.02,83,52,17,F,1990
1/30/2016,$0.89,2.49,73.55,94.74,17.63,68.33,86,64,13,F,1996
8/18/2016,$0.30,55.32,96.36,20.68,39.65,57.13,97,98,32,M,1993
5/31/2016,$6.93,75.87,68.49,67.19,96.4,81.94,48,38,2,M,1995
8/5/2018,$2.25,81.36,22.47,71.97,83.05,55.23,65,61,62,F,2009
10/16/2019,$7.73,86.59,14.27,98.62,26.98,95.16,73,93,42,F,2006
4/8/2015,$1.15,18.14,55.62,62.67,77.73,5.5,20,72,25,M,2001
5/18/2015,$3.15,21.91,89.63,64.36,55.16,82.31,72,95,90,F,2001
2/22/2016,$0.40,18.72,11.0,14.92,87.25,81.33,40,84,59,F,2000
9/23/2018,$3.06,3.85,21.59,52.28,92.36,77.48,92,29,42,M,1968
8/8/2018,$9.70,66.76,43.99,91.89,45.39,39.71,89,61,66,M,2007
5/2/2016,$7.68,19.82,30.14,78.08,47.1,89.05,25,80,29,F,2011
12/11/2019,$4.73,98.99,31.66,44.56,10.22,19.23,34,77,7,M,1995
4/6/2015,$9.14,71.57,14.88,74.63,99.21,94.23,62,36,24,M,2004
10/6/2016,$1.21,21.85,82.43,54.16,96.7,59.67,92,15,57,M,1966
5/29/2019,$1.99,26.87,13.13,30.31,86.59,5.87,99,60,60,F,2004
2/27/2015,$8.32,52.27,44.45,36.17,54.23,29.97,50,4,29,M,2010
5/24/2019,$4.34,20.24,53.86,51.87,70.86,71.12,77,3,74,F,1999
2/19/2019,$1.41,44.32,60.03,62.38,41.32,73.87,12,26,39,M,2004
12/27/2018,$0.56,45.77,75.43,99.76,64.33,82.89,64,63,92,F,2007
9/3/2016,$2.39,80.02,15.04,66.51,36.35,41.85,34,98,84,M,1993
11/21/2018,$9.26,70.14,92.77,40.84,38.58,21.19,97,57,8,M,2010
7/4/2016,$5.79,2.23,52.7,88.93,24.35,89.16,54,8,30,F,1993
2/22/2019,$1.57,24.65,93.35,10.89,10.34,52.36,25,54,95,M,2001
10/9/2017,$2.05,60.8,77.55,80.56,99.82,73.46,30,65,30,F,2007
3/21/2019,$7.28,50.44,23.3,78.18,62.09,77.01,32,39,98,F,2010
7/27/2016,$4.16,42.89,78.07,32.81,31.77,11.31,79,34,82,M,1988
8/5/2016,$8.38,95.52,5.22,74.58,60.44,58.66,26,32,13,M,2007
8/30/2019,$3.12,81.27,31.66,79.98,95.52,16.68,57,23,69,F,2001
1/3/2019,$8.44,52.88,81.41,44.93,8.67,16.61,88,44,94,F,1992
10/29/2019,$9.52,24.9,3.27,8.44,15.31,18.59,9,55,99,F,2008
5/22/2016,$4.82,73.77,94.95,78.35,75.4,98.01,37,79,55,M,2011
3/27/2018,$9.01,80.99,40.54,50.3,3.45,94.54,83,19,86,M,2008
3/4/2016,$0.46,65.31,92.94,9.34,10.19,1.85,45,16,42,M,2005
6/19/2016,$3.45,62.71,34.83,27.57,28.02,31.1,87,18,41,M,2002
3/8/2016,$2.30,26.77,63.93,89.92,78.33,96.01,99,45,28,M,2000
12/1/2017,$1.60,88.3,98.77,22.64,85.91,60.83,35,88,6,F,1995
4/10/2015,$1.47,20.49,1.48,68.33,84.78,32.52,24,66,91,F,2006
4/12/2020,$7.66,53.65,25.18,81.56,27.84,68.24,86,18,32,M,2007
8/16/2017,$0.94,12.75,46.45,99.55,63.81,50.86,35,2,54,M,1986
11/14/2016,$6.89,53.63,30.92,35.55,39.21,37.79,7,74,93,F,1986
7/16/2019,$7.60,65.51,87.22,85.97,37.76,36.32,7,25,90,F,2005
8/6/2017,$7.37,45.78,40.73,58.25,85.62,23.61,57,78,99,M,2011
4/3/2020,$0.71,70.99,73.26,80.35,42.29,1.64,92,65,4,M,2000
1/17/2018,$8.53,39.68,77.86,20.48,90.45,61.62,42,30,3,M,2002
5/15/2015,$4.91,25.92,52.77,45.29,59.91,73.5,27,90,82,M,2011
1/29/2018,$2.98,30.5,60.26,14.1,36.8,72.82,40,37,37,F,1993
3/18/2018,$4.70,41.32,24.07,93.42,62.44,64.99,9,50,49,M,2009
6/20/2015,$6.54,76.93,77.09,63.39,3.17,5.94,97,52,50,F,2010
5/6/2015,$2.70,51.68,27.82,82.46,24.95,45.97,12,19,5,F,1995
1/8/2015,$6.94,18.8,67.02,88.32,74.03,59.14,26,87,32,F,2005
1/29/2016,$4.07,70.61,11.73,64.04,19.93,85.4,46,45,87,F,1993
3/11/2016,$6.95,89.45,86.95,51.23,31.59,30.0,88,100,51,F,2002
1/10/2018,$8.99,16.31,48.78,75.19,52.62,67.37,47,75,45,M,1995
11/25/2018,$4.11,28.07,52.03,58.74,36.61,33.04,53,24,55,F,1999
9/2/2016,$3.44,6.51,18.62,18.89,1.45,25.75,81,63,76,F,1992
2/4/2018,$5.34,48.81,59.67,14.25,77.25,68.69,57,8,61,F,2007
4/27/2020,$0.44,54.21,73.38,9.13,8.87,79.67,70,74,87,M,2004
3/17/2015,$0.25,68.31,57.31,72.2,4.35,93.62,52,11,20,M,2008
5/2/2015,$7.74,75.81,90.97,7.88,53.53,60.67,74,49,26,F,2003
6/28/2018,$7.94,49.86,31.04,84.86,81.36,74.58,71,34,53,M,1986
6/9/2018,$8.79,7.07,29.86,67.7,4.97,86.47,96,98,17,M,2001
2/28/2018,$4.77,71.28,15.08,2.18,76.91,48.52,19,87,75,M,2008
8/12/2018,$0.25,52.74,62.05,62.01,42.44,94.4,53,94,66,M,2007
2/13/2016,$0.70,10.3,47.74,85.08,74.54,92.97,77,46,74,M,2001
1/8/2018,$8.52,16.6,79.41,42.41,14.83,50.33,95,97,12,M,1992
11/26/2018,$4.58,5.95,91.65,50.21,36.19,84.11,87,98,75,F,2006
6/17/2018,$0.42,33.79,14.95,70.74,37.44,93.26,91,75,17,F,1990
8/28/2018,$8.25,81.89,4.86,8.79,58.82,12.61,48,82,8,M,1991
10/12/2019,$6.07,63.14,2.75,57.45,89.52,3.74,41,67,96,F,2008
11/19/2018,$2.42,45.79,74.88,22.91,89.68,47.14,96,49,51,F,2008
9/15/2015,$3.00,72.05,17.57,80.98,95.56,15.49,65,36,78,M,1992
3/21/2020,$7.09,20.84,22.11,15.03,18.51,74.78,65,53,41,M,1992
5/12/2019,$8.19,29.8,51.24,21.1,84.41,27.97,16,45,15,F,2004
6/13/2019,$9.43,8.25,10.44,59.43,35.59,10.05,84,55,32,F,2002
5/8/2017,$7.39,12.22,19.59,30.37,79.51,37.91,15,21,78,M,2008
3/13/2020,$3.45,26.51,66.87,13.6,39.41,86.01,42,33,82,F,2010
1/15/2020,$0.65,94.32,31.84,37.68,14.01,18.87,25,97,54,F,1997
10/5/2018,$3.59,78.83,80.99,89.47,66.7,37.11,66,10,16,M,1998
7/19/2019,$8.03,42.94,58.97,40.64,67.12,23.29,37,56,35,F,1993
11/13/2017,$8.48,98.17,47.58,85.37,64.72,28.66,68,88,72,M,1998
3/1/2015,$2.26,47.1,26.28,45.85,84.81,42.63,87,23,46,M,1995
11/14/2015,$5.90,59.9,45.28,92.73,19.78,81.38,64,13,45,F,2001
7/25/2017,$9.28,32.28,40.56,75.95,86.07,23.27,35,21,85,M,1997
8/8/2016,$0.95,29.59,21.95,54.85,13.43,46.52,4,6,95,F,1996
1/19/2020,$8.09,39.05,71.54,91.94,16.78,42.4,9,17,46,M,1987
1/27/2015,$5.78,3.16,19.45,75.23,69.37,66.46,47,13,16,F,2000
6/5/2015,$0.12,61.33,66.42,30.48,68.62,52.41,96,45,51,M,1992
7/9/2015,$1.95,76.37,43.51,6.2,76.38,20.34,76,35,62,F,2001
2/2/2018,$9.32,97.63,21.42,50.04,23.27,68.66,29,81,32,F,1992
11/28/2016,$2.65,84.94,5.34,34.43,81.78,58.62,41,58,45,F,1996
5/14/2019,$6.55,35.11,35.58,60.62,37.59,38.67,2,99,72,F,1995
10/7/2018,$6.88,1.45,85.57,42.83,66.81,92.23,28,15,31,M,1989
3/21/2016,$5.48,45.53,60.7,57.1,73.05,4.55,74,19,81,M,1966
6/16/2017,$4.80,97.68,3.4,14.46,35.8,16.93,69,26,65,F,1999
1/29/2019,$7.17,88.58,9.58,10.49,5.43,87.31,65,93,8,M,2004
5/16/2015,$7.63,15.3,86.32,88.44,57.15,17.66,72,14,16,M,2002
12/17/2015,$7.02,44.6,5.49,30.74,88.61,97.97,71,74,90,F,1992
8/17/2019,$5.58,53.2,29.77,23.1,21.47,62.07,83,6,39,M,2005
6/26/2015,$3.24,57.31,60.48,39.23,20.34,1.99,65,21,100,M,2009
6/22/2015,$4.50,1.58,81.71,80.58,17.04,20.14,79,80,63,F,2011
2/22/2015,$8.68,27.16,83.21,83.86,30.39,59.58,10,42,34,M,2012
11/10/2018,$7.48,8.2,4.48,92.85,38.36,45.98,26,8,92,F,2010
10/13/2019,$0.05,34.5,67.0,27.09,64.71,41.85,61,9,33,F,2009
12/26/2016,$8.27,75.55,75.27,67.0,46.59,46.26,81,16,1,M,2004
10/29/2019,$9.37,21.5,16.07,82.34,53.92,14.82,19,90,19,F,2007
8/15/2018,$5.83,96.57,39.02,64.56,72.75,5.73,98,91,1,F,2003
5/26/2016,$3.68,24.09,19.28,31.1,34.95,60.28,93,20,77,F,1985
3/25/2019,$6.96,80.65,54.79,41.85,56.32,18.81,26,39,31,F,2010
1/20/2019,$9.38,10.62,84.21,40.36,14.07,13.14,17,46,96,F,2001
5/6/2020,$5.15,43.32,93.37,1.97,52.23,67.96,38,93,17,F,1991
6/14/2017,$9.32,61.52,14.91,16.18,93.48,85.73,61,30,57,F,1997
6/4/2016,$7.21,42.22,40.93,9.03,27.33,97.14,22,67,35,M,1998
11/23/2018,$9.12,93.62,53.97,9.08,70.07,62.09,98,13,5,F,2010
5/16/2019,$1.15,85.49,61.38,25.96,97.81,87.43,33,32,22,F,1985
3/2/2018,$5.22,66.7,19.38,95.82,14.53,45.78,67,74,16,F,1978
1/18/2018,$3.48,53.76,72.94,97.76,3.64,64.14,46,69,90,F,1993
4/24/2016,$2.96,46.61,71.92,11.75,38.7,92.62,43,7,38,M,2011
4/13/2017,$8.41,58.37,34.91,59.31,6.65,22.19,76,91,58,F,2002
7/2/2017,$1.33,34.23,19.99,63.04,66.63,53.5,4,1,87,F,1995
4/6/2015,$1.26,8.93,73.17,81.1,35.19,83.29,73,84,11,F,1997
8/10/2019,$6.83,10.71,54.5,14.05,48.73,17.31,10,55,21,F,2002
7/21/2015,$6.88,46.06,89.41,52.04,3.9,96.16,32,20,63,F,2005
2/7/2015,$5.78,13.96,23.86,99.7,68.52,77.91,36,63,24,F,2009
7/30/2019,$6.11,37.96,75.11,69.01,29.77,4.34,3,58,81,F,2002
2/28/2018,$3.68,83.45,56.01,58.93,57.67,54.97,20,58,90,F,1994
12/7/2017,$7.72,53.1,58.83,63.84,7.49,25.12,86,99,70,F,2001
5/9/2019,$1.93,18.79,26.16,98.73,3.06,81.97,33,96,12,F,2003
8/6/2019,$6.15,28.28,33.22,15.07,1.67,85.18,91,11,43,F,2004
4/1/2020,$3.87,10.06,7.93,27.17,9.91,83.32,4,60,87,M,2008
11/24/2018,$4.68,64.3,92.85,7.28,54.07,4.07,43,26,7,F,2007
5/15/2018,$6.13,38.58,29.29,38.08,58.96,91.04,43,47,4,M,2007
7/23/2017,$7.56,59.72,98.65,59.98,94.36,43.13,12,88,71,F,2009
11/24/2017,$1.11,85.3,63.56,52.03,25.95,65.06,30,14,40,M,2006
2/15/2016,$5.10,96.9,25.56,28.52,8.0,64.74,39,56,35,M,2001
5/16/2017,$9.86,80.67,84.67,50.84,46.76,98.12,50,46,94,M,1968
4/6/2020,$7.52,58.56,85.82,52.82,90.32,3.06,47,23,68,F,2001
1/21/2016,$5.98,52.21,14.57,94.86,28.63,18.31,100,9,85,M,1963
8/26/2015,$4.78,5.52,59.91,33.01,50.9,37.35,39,92,64,F,1996
2/23/2020,$7.83,3.68,63.15,54.22,65.42,70.41,83,50,8,M,2004
9/1/2019,$7.53,67.58,82.08,84.35,63.01,28.28,94,97,20,M,2012
5/19/2016,$7.08,9.37,9.87,54.11,32.79,32.28,20,12,8,F,2004
7/31/2016,$6.12,26.26,49.1,80.46,51.79,53.93,18,62,28,F,1967
8/4/2016,$7.00,85.45,61.2,91.14,30.36,30.87,88,35,36,F,2006
12/12/2015,$4.41,93.95,43.89,78.45,31.33,32.87,9,56,66,F,2002
12/23/2016,$1.27,67.29,72.8,45.8,52.85,69.82,43,60,52,F,1994
2/7/2016,$7.94,64.36,98.88,38.33,52.19,75.03,39,59,40,F,1994
4/9/2018,$2.89,73.36,72.07,62.45,33.57,66.55,45,91,94,M,2004
7/11/2015,$9.95,24.29,8.8,40.87,37.79,15.97,67,14,78,F,2003
8/28/2018,$1.54,51.89,37.57,97.44,91.34,14.92,3,68,33,M,2005
1/20/2019,$9.31,82.07,28.74,10.58,40.72,56.58,82,53,66,F,1996
3/29/2017,$4.55,26.74,37.31,28.25,4.51,53.28,55,69,7,F,1990
9/18/2018,$8.48,88.43,35.22,92.59,37.07,12.42,98,27,62,F,1992
11/28/2017,$2.97,68.27,9.26,73.17,51.55,5.79,36,59,18,M,1985
9/26/2016,$7.38,94.57,79.56,64.25,64.42,41.98,25,36,87,M,1997
3/7/2017,$0.91,45.7,36.31,52.67,93.68,45.84,22,28,23,M,2006
10/8/2015,$9.26,15.75,1.95,45.56,87.1,24.07,66,74,17,M,1993
3/7/2015,$5.67,29.13,50.79,86.44,61.99,30.82,14,39,18,M,2007
2/20/2020,$9.74,97.29,86.1,54.92,46.41,29.89,51,26,75,F,2009
8/26/2019,$3.43,42.11,43.4,86.38,79.79,63.45,74,85,46,M,1992
6/11/2015,$1.31,55.36,64.64,80.41,67.25,49.08,32,62,65,F,2004
1/16/2015,$5.75,70.5,99.16,5.41,76.28,64.24,40,63,92,M,2001
3/18/2020,$4.42,40.29,63.41,29.57,72.21,50.07,13,73,60,F,2012
12/15/2018,$8.24,10.24,65.01,97.07,37.71,99.12,19,29,2,F,1994
6/26/2019,$9.17,55.87,90.99,90.85,25.75,37.88,52,40,62,F,2008
12/25/2019,$2.60,29.69,65.66,81.22,61.71,40.08,8,10,20,F,2006
12/31/2016,$5.84,16.72,12.67,17.77,32.83,29.43,7,54,70,M,2006
5/1/2020,$9.32,65.37,51.86,40.29,60.69,32.07,76,45,11,M,2003
5/10/2017,$8.39,26.51,27.07,46.49,16.13,38.23,84,38,58,F,2008
1/14/2018,$8.57,9.64,75.24,83.98,59.5,19.92,85,27,30,F,1992
2/14/2020,$8.86,59.72,94.87,67.33,37.73,11.78,39,88,41,F,2007
1/18/2017,$4.75,62.2,39.58,19.6,37.5,16.3,58,20,30,M,2004
8/6/2019,$1.34,83.75,92.23,71.66,75.74,82.43,19,94,36,M,2003
7/17/2018,$4.70,62.76,70.57,28.51,76.02,5.47,16,9,57,M,2006
12/9/2016,$6.25,20.98,77.41,77.55,61.08,68.68,55,83,51,M,1993
8/25/2018,$5.39,17.93,50.97,75.61,37.19,66.6,2,77,87,M,1989
9/12/2015,$1.39,74.46,21.04,17.3,99.78,69.87,56,59,43,M,2006
5/17/2019,$5.50,28.87,35.65,30.3,42.06,67.72,70,81,40,F,1992
3/14/2016,$2.71,35.72,91.4,3.94,36.82,84.26,10,53,80,M,2010
4/14/2017,$0.43,15.33,11.35,56.79,43.88,55.75,98,41,69,M,1996
1/19/2016,$1.77,56.55,48.06,61.59,98.13,28.74,18,7,52,F,1998
11/24/2017,$8.07,97.02,37.66,45.37,67.59,40.09,87,71,76,F,1999
9/20/2017,$7.95,52.65,85.72,60.79,54.25,82.07,18,60,26,M,1977
11/9/2017,$4.19,87.3,49.2,30.28,61.51,36.24,20,40,82,M,2000
5/16/2016,$1.65,78.19,88.82,60.08,71.6,13.04,33,16,5,F,2009
12/21/2018,$0.21,8.07,54.48,66.26,43.75,23.33,43,14,45,F,2011
7/13/2018,$8.08,54.12,77.41,3.8,52.85,39.73,66,70,3,F,2003
5/2/2016,$8.16,99.36,86.2,88.83,73.22,66.69,77,64,25,M,2005
10/3/2018,$5.22,52.74,14.65,21.52,34.74,65.98,17,59,88,F,2001
9/5/2017,$3.22,34.62,10.02,57.71,28.77,35.11,47,21,34,F,2007
11/1/2017,$0.32,43.77,80.79,89.61,67.18,54.48,50,23,66,F,2004
7/21/2016,$4.78,73.59,67.92,40.04,39.19,68.46,82,46,66,F,2007
8/18/2019,$5.13,18.37,39.44,58.3,94.02,57.91,5,22,39,F,2012
8/26/2019,$7.77,61.29,54.98,69.19,11.54,51.6,69,71,34,F,1993
3/11/2017,$2.23,13.8,78.64,41.57,42.61,53.14,61,55,57,F,2009
3/15/2019,$1.57,86.74,76.96,16.3,88.63,69.1,71,50,59,F,1996
3/20/2019,$7.60,65.05,1.12,87.39,34.08,58.18,21,69,85,M,1999
12/2/2019,$4.74,45.56,20.48,43.75,66.91,59.28,22,52,45,M,2001
11/18/2017,$2.79,40.56,69.14,16.85,92.47,15.12,30,1,9,F,2002
3/8/2019,$1.70,29.68,77.11,17.53,98.54,44.51,83,79,19,M,2004
6/15/2015,$4.59,11.78,83.03,61.4,40.86,93.68,47,76,67,F,2012
9/26/2017,$5.44,8.88,92.73,26.39,58.71,11.93,34,92,72,F,2011
6/5/2017,$3.70,14.87,99.34,71.22,47.41,33.25,8,50,73,F,1995
12/11/2015,$4.25,22.2,25.23,12.88,54.21,95.91,69,95,85,F,1985
4/17/2016,$4.44,70.76,29.33,1.47,83.5,4.25,80,37,2,M,2010
8/26/2018,$5.77,99.13,44.19,2.41,64.84,9.86,34,8,21,M,1967
5/21/2016,$9.07,80.68,13.44,88.94,56.06,22.74,14,62,10,M,2010
9/26/2019,$1.84,70.5,53.76,70.16,35.58,39.72,4,61,46,F,2010
11/21/2016,$1.94,55.55,21.4,82.39,84.81,53.41,14,30,26,F,1988
4/7/2017,$8.65,63.45,96.96,50.58,88.86,5.51,54,100,7,F,2003
1/16/2018,$6.24,71.3,39.09,27.96,28.0,15.72,97,44,68,M,1998
7/16/2017,$7.95,48.79,33.34,15.07,98.35,37.83,3,18,90,F,1994
4/11/2019,$6.40,29.3,24.78,21.76,63.19,74.41,69,15,34,M,2009
6/18/2018,$1.66,52.89,80.45,51.63,95.83,86.6,81,63,79,M,2009
6/6/2017,$0.06,41.67,19.48,79.55,55.5,89.83,25,17,100,F,2007
11/22/2015,$4.09,81.17,30.9,71.7,90.81,83.55,64,27,9,F,1999
12/8/2015,$6.74,40.32,55.97,80.6,26.55,23.59,73,9,77,F,1999
5/15/2019,$0.80,99.29,41.71,53.72,53.69,78.85,48,43,55,M,2001
8/10/2016,$7.83,62.87,77.42,46.44,89.5,90.56,71,38,33,F,2008
6/24/2017,$2.65,97.79,21.27,54.67,60.49,92.73,63,14,58,M,1997
6/15/2017,$4.25,31.15,36.92,76.03,8.31,97.42,77,61,35,M,2003
7/5/2015,$9.28,84.95,50.67,84.91,87.22,87.84,63,70,99,M,2003
4/18/2015,$9.04,52.48,24.52,74.43,27.45,77.87,90,13,10,M,1992
6/15/2015,$7.15,5.16,86.86,95.13,85.67,45.35,53,5,6,M,2012
3/30/2020,$0.77,38.32,18.65,79.28,1.77,14.47,63,5,8,F,1996
5/25/2018,$9.13,42.83,80.57,39.74,84.08,18.8,64,71,31,F,1986
1/13/2020,$2.24,50.09,66.2,27.76,86.39,48.89,9,22,73,M,2006
2/25/2015,$4.35,6.69,90.44,83.3,51.53,14.43,65,88,100,M,2011
3/17/2018,$6.40,53.85,61.45,83.55,51.98,19.89,47,29,42,F,2008
2/23/2019,$1.60,70.21,30.36,3.53,69.99,33.63,43,99,51,F,1992
10/31/2016,$9.89,22.22,47.02,55.75,61.24,61.36,16,29,42,M,2001
6/19/2018,$6.87,30.38,7.12,44.43,4.49,51.68,53,2,27,M,1989
5/19/2015,$4.11,53.5,93.39,95.95,58.1,73.07,40,11,13,M,2011
7/3/2015,$7.44,19.61,61.33,57.87,63.05,98.7,40,82,48,M,2009
9/18/2015,$5.06,33.02,35.1,59.43,44.46,71.91,10,92,81,M,1994
8/30/2016,$9.77,53.74,45.33,62.04,9.04,76.35,28,71,99,M,2007
3/25/2019,$4.83,15.46,72.82,31.74,68.34,99.82,85,80,62,M,2011
6/10/2018,$7.31,57.21,59.73,29.28,71.28,96.31,80,48,61,M,1993
2/27/2016,$8.12,41.93,13.16,89.31,44.67,3.43,33,1,44,M,2004
11/15/2017,$2.95,85.9,84.28,89.5,53.38,99.42,15,66,24,M,2000
10/31/2018,$3.12,26.63,54.94,55.08,75.47,67.45,99,79,17,M,1999
4/13/2019,$0.18,16.39,63.0,93.05,40.54,51.09,25,76,54,M,2010
10/1/2015,$8.92,13.83,33.66,58.59,21.24,77.52,37,48,70,M,1997
6/17/2019,$6.98,36.21,2.43,78.38,16.04,70.47,20,77,61,M,2009
2/18/2017,$4.31,34.25,34.62,14.79,71.29,86.35,10,60,82,M,2006
4/9/2015,$5.90,29.16,66.59,94.72,10.29,80.64,80,48,76,M,2004
6/16/2017,$6.85,27.27,4.71,54.99,17.34,3.1,43,2,3,M,1984
3/25/2015,$9.95,70.46,89.54,24.01,59.98,60.49,52,80,56,M,2011
2/21/2015,$4.98,18.53,32.69,79.71,48.89,87.7,22,9,33,M,1999
1/15/2018,$2.12,73.65,18.77,16.73,88.76,53.89,53,54,25,F,2012
2/14/2020,$6.45,97.22,48.59,72.82,29.91,17.82,66,72,23,F,1997
12/22/2015,$7.84,60.79,24.84,75.13,59.11,96.67,41,77,93,F,1984
10/17/2016,$7.64,11.64,88.34,71.57,25.26,57.21,26,98,11,F,2006
1/4/2020,$3.27,3.53,95.75,1.78,14.0,9.91,64,79,32,F,1993
7/29/2015,$6.71,76.48,51.84,30.12,4.9,14.65,79,85,38,M,1994
8/25/2019,$9.26,83.01,5.08,16.5,41.63,80.41,63,18,83,M,1997
8/31/2017,$4.36,4.61,89.29,31.82,34.52,30.89,23,17,94,F,2005
3/12/2015,$7.70,48.9,28.48,92.15,30.62,32.1,64,10,5,M,2003
7/25/2018,$6.72,97.96,83.93,94.27,3.36,35.95,22,38,65,M,1979
5/2/2020,$8.48,12.11,9.3,38.04,84.44,51.46,45,94,89,M,2005
5/17/2017,$0.70,94.08,33.19,64.05,4.12,31.63,5,8,31,M,2012
10/13/2017,$8.00,91.33,22.32,25.79,10.07,79.15,90,71,36,F,1997
1/24/2016,$0.36,64.83,62.72,33.3,45.9,36.59,61,99,4,M,2002
8/27/2017,$7.47,46.79,22.21,61.61,55.44,44.28,70,18,54,M,1998
10/6/2017,$6.61,98.73,98.31,83.37,64.54,30.3,53,79,70,M,1992
4/3/2015,$9.40,62.83,63.64,46.6,65.36,18.16,57,39,8,F,2013
11/26/2016,$6.68,7.34,55.78,47.94,44.34,34.08,25,62,46,M,2011
4/19/2016,$6.34,65.39,27.37,82.08,79.46,62.96,43,31,76,M,2005
1/4/2015,$0.01,98.27,19.34,65.48,53.2,20.04,73,23,74,F,2009
3/3/2019,$1.13,48.63,79.86,88.95,95.52,36.98,53,54,95,M,2000
6/10/2018,$9.94,15.53,48.01,45.79,3.85,31.33,10,8,68,M,1998
3/29/2016,$3.02,79.15,14.17,46.75,26.23,25.41,28,40,74,F,2012
8/21/2015,$5.10,70.15,78.35,85.19,65.28,65.3,51,35,55,M,1995
4/22/2016,$6.25,57.15,87.18,56.83,6.53,19.04,92,23,64,F,2009
7/24/2018,$2.73,7.18,83.75,86.92,4.66,87.94,42,74,95,F,1994
9/30/2018,$3.06,19.95,36.91,38.9,8.91,95.87,97,46,24,F,2003
9/13/2016,$6.84,28.72,46.02,77.24,6.52,15.06,42,4,98,F,1995
4/24/2016,$7.54,42.23,60.14,35.64,52.69,90.77,23,37,82,F,2004
7/14/2019,$9.91,75.11,5.06,48.77,72.31,64.92,13,54,78,M,1962
8/26/2016,$5.14,81.48,87.3,91.77,80.86,67.19,61,24,11,M,2010
12/15/2016,$4.81,94.29,33.6,32.19,17.24,38.3,86,13,98,M,2006
2/2/2017,$3.69,61.89,88.9,90.65,45.55,77.66,92,69,33,F,2010
11/18/2019,$7.42,16.07,26.77,42.87,26.29,10.8,18,66,8,F,2001
11/13/2015,$3.49,39.18,17.79,70.89,13.49,62.56,39,99,95,F,1985
1/18/2019,$6.97,6.62,40.05,92.12,91.42,15.14,44,27,78,M,2003
5/9/2018,$5.36,16.13,90.21,5.92,10.72,66.16,22,51,42,M,2007
5/16/2017,$4.12,79.64,36.51,33.81,58.76,24.2,56,8,35,M,1996
10/19/2019,$9.39,96.82,55.22,73.52,83.51,70.38,12,75,42,M,2000
12/13/2015,$5.91,61.98,42.12,23.65,38.94,14.06,55,35,40,M,2003
12/5/2016,$2.31,85.46,86.35,15.61,8.28,86.91,83,1,59,F,2008
8/9/2015,$7.71,78.92,84.16,53.77,11.45,87.54,37,53,95,M,2009
1/23/2018,$2.04,20.94,83.24,75.02,93.33,48.15,39,27,57,M,1998
11/21/2016,$8.50,40.5,3.5,86.42,94.6,81.0,1,62,90,F,2007
10/2/2015,$0.06,44.88,30.12,88.04,46.09,37.96,49,52,82,F,1990
10/13/2017,$1.99,77.35,65.99,94.35,53.34,37.55,54,38,80,F,2008
6/18/2016,$5.73,77.43,40.26,51.29,54.03,53.39,85,59,73,M,1994
3/4/2020,$4.47,67.44,8.9,19.88,23.88,20.71,9,91,3,M,2001
12/12/2018,$7.51,40.61,93.09,70.43,55.78,29.36,56,77,63,F,2008
3/16/2020,$1.37,44.96,81.93,81.86,99.22,90.44,19,8,54,F,2003
3/12/2017,$1.18,64.02,7.07,70.26,23.41,6.91,52,17,98,M,2005
5/15/2019,$2.60,13.23,97.28,8.17,98.37,95.14,43,90,15,M,2007
7/22/2018,$1.26,62.5,98.3,80.49,2.55,7.36,78,39,83,F,1992
8/2/2015,$9.15,60.78,68.21,13.89,2.2,97.11,60,51,35,F,2007
6/4/2018,$4.19,65.29,69.16,90.95,13.6,20.14,15,48,50,F,2004
9/16/2018,$0.09,24.04,78.79,70.3,79.7,74.32,73,72,37,F,1994
2/12/2015,$6.54,89.34,33.07,11.92,22.82,39.53,63,89,15,F,1986
1/9/2016,$2.66,1.92,56.77,31.82,62.19,94.81,24,12,36,F,1995
12/20/2018,$3.46,9.73,68.9,26.57,46.27,79.01,29,66,93,F,2010
3/31/2017,$7.58,89.9,36.83,86.07,89.78,12.38,34,28,54,M,2010
9/3/2016,$2.30,33.97,44.67,94.08,17.09,51.03,49,35,37,M,2012
4/14/2017,$1.19,33.08,67.19,8.26,15.44,82.72,65,45,57,F,2010
5/3/2018,$2.13,21.38,49.3,60.53,95.95,53.6,96,48,32,F,1987
8/12/2015,$6.77,30.55,54.01,22.12,3.94,16.2,32,49,55,F,1999
6/6/2017,$1.40,65.74,40.46,30.41,13.85,41.47,19,21,44,F,2011
4/8/2018,$8.04,90.68,45.85,18.72,98.97,74.1,33,12,38,M,1996
4/1/2017,$0.39,31.13,86.09,45.45,80.6,28.36,42,52,25,F,1986
8/17/2016,$2.39,94.77,50.9,36.29,48.78,90.75,25,32,30,M,1961
5/14/2020,$4.18,56.91,22.02,12.58,5.44,61.99,92,74,71,F,1990
5/9/2019,$2.70,8.59,29.51,4.55,61.44,89.83,99,87,48,F,2012
5/11/2019,$2.20,42.08,82.9,15.81,31.91,70.73,9,2,53,F,2005
7/20/2015,$9.84,51.38,47.44,60.94,84.19,64.08,49,95,81,M,2011
3/1/2019,$5.78,7.39,17.8,83.19,97.23,84.34,23,37,41,F,2002
4/18/2020,$1.39,35.56,68.93,79.58,41.02,85.08,72,53,96,F,2003
1/1/2018,$8.95,65.02,20.41,5.51,35.95,68.6,16,61,67,F,1998
4/13/2018,$7.96,40.05,78.0,99.44,94.79,80.61,1,45,71,F,2012
7/14/2019,$3.69,92.89,40.33,10.12,22.62,90.57,20,97,57,M,2003
6/17/2019,$2.60,20.57,56.25,87.48,31.49,42.04,65,96,48,M,1993
8/9/2015,$9.25,59.59,69.17,77.35,47.17,92.73,56,21,92,F,2009
10/21/2019,$3.87,60.88,99.24,98.67,18.89,18.56,23,50,15,M,1998
9/5/2018,$7.97,96.4,82.89,83.9,20.65,81.05,29,9,93,F,2012
4/21/2017,$3.67,8.48,68.63,85.05,13.63,46.1,95,64,40,M,2009
9/13/2016,$6.33,10.29,82.54,6.56,46.04,50.32,15,33,43,F,1995
11/10/2018,$1.01,86.53,45.78,78.28,90.87,47.91,54,46,87,F,2004
1/2/2018,$6.84,64.79,42.67,77.35,75.61,44.62,58,19,60,M,1999
5/3/2020,$2.66,97.01,64.41,50.98,99.34,56.56,87,77,71,M,2008
11/21/2015,$2.83,51.25,76.0,47.33,63.53,40.82,37,75,6,F,1978
2/25/2018,$1.29,18.56,55.09,1.66,77.81,53.22,90,45,51,F,1992
4/2/2019,$3.84,8.77,3.02,72.37,21.6,70.53,61,42,54,F,1995
2/1/2017,$2.07,14.57,42.88,12.49,60.81,86.26,48,30,54,M,2005
11/27/2016,$0.32,55.8,21.59,30.92,11.26,91.32,79,9,44,F,1992
6/30/2017,$8.89,97.65,25.8,7.74,73.23,77.2,91,24,66,M,2004
11/18/2017,$5.59,69.59,60.76,12.64,67.63,31.24,65,34,100,F,2010
8/16/2015,$5.63,58.46,30.24,18.93,20.04,77.22,22,46,84,F,1999
2/8/2018,$9.20,39.67,40.47,76.82,5.13,78.01,15,80,62,F,2006
8/30/2016,$2.78,93.27,66.87,27.26,21.47,61.11,91,28,78,M,2007
8/19/2019,$1.44,24.9,46.73,55.9,31.07,28.23,66,16,25,F,2011
1/1/2016,$8.21,45.47,59.55,55.99,86.61,5.64,90,9,7,M,2012
9/10/2019,$7.60,54.56,44.72,90.61,19.77,78.87,71,96,85,F,1995
8/23/2018,$1.21,26.53,30.99,72.2,8.6,43.42,48,59,26,M,1986
7/11/2015,$1.50,3.45,25.09,94.29,51.24,76.28,22,59,54,F,1996
10/31/2015,$1.41,38.91,5.91,96.64,67.5,34.75,95,58,66,M,2007
9/5/2016,$2.21,96.72,16.41,71.53,20.42,25.54,11,51,46,M,1999
11/10/2018,$0.69,12.9,9.31,86.53,28.82,19.63,70,49,3,F,2009
5/9/2016,$2.24,55.62,84.4,87.46,55.34,79.49,63,81,19,F,1995
1/27/2016,$8.11,97.14,60.47,96.59,22.09,10.51,78,18,32,F,2005
4/7/2019,$1.27,20.58,88.81,54.55,79.62,63.9,86,55,71,F,2004
4/27/2020,$2.11,47.19,95.09,13.61,37.28,57.86,33,69,42,M,2011
11/20/2019,$2.30,2.88,36.0,64.79,35.28,27.25,95,62,77,F,1995
3/30/2016,$8.58,30.62,19.32,67.6,78.85,93.59,98,57,1,F,2005
12/20/2016,$4.04,89.22,21.4,35.03,20.03,71.75,2,1,28,M,1997
5/16/2019,$1.68,7.63,93.3,40.63,62.23,13.19,80,34,96,M,1994
6/18/2015,$1.39,17.55,90.44,67.35,69.78,11.2,3,85,34,M,1997
9/23/2019,$8.38,52.33,54.16,1.61,71.21,47.51,58,20,58,F,2001
7/29/2016,$0.32,91.42,21.52,78.95,33.92,51.01,60,89,66,F,1999
2/5/2017,$2.57,51.71,52.03,81.78,70.33,89.92,54,88,1,M,2012
5/3/2015,$9.77,48.92,26.44,11.0,77.67,4.98,18,86,18,M,2001
5/7/2019,$0.19,63.12,59.05,43.13,29.92,24.32,36,84,92,F,1985
9/9/2017,$3.74,64.7,3.5,79.24,44.93,66.92,31,30,41,F,2010
6/27/2019,$5.93,92.63,77.82,15.93,78.58,68.62,92,87,82,F,2007
4/8/2016,$7.32,53.9,37.09,95.09,5.85,38.76,51,38,98,M,2000
7/26/2017,$7.91,76.03,8.68,22.25,56.72,27.23,100,21,12,M,2006
11/21/2017,$2.38,89.26,63.51,85.09,25.19,51.35,10,44,29,F,2009
10/11/2018,$3.57,23.94,43.51,96.73,38.67,69.04,31,4,85,M,1997
3/7/2016,$4.10,37.53,57.52,10.16,58.4,7.34,43,99,1,F,2011
3/1/2020,$4.30,39.17,5.01,85.77,2.64,97.18,35,39,18,M,2004
6/30/2018,$1.67,36.22,47.57,97.81,48.71,27.24,41,86,92,F,2004
11/21/2019,$8.61,80.32,12.39,1.03,59.66,21.37,95,45,90,F,1994
7/28/2015,$1.90,22.69,78.94,70.02,66.06,66.41,1,99,37,F,1993
10/27/2017,$9.22,65.04,11.27,65.53,93.48,41.79,79,100,25,F,2006
6/4/2016,$8.66,49.05,74.73,33.8,24.06,72.86,95,12,15,F,2000
12/17/2017,$8.16,99.86,7.38,83.13,28.41,36.39,32,29,84,F,2012
7/2/2016,$2.39,69.67,9.09,98.88,15.66,18.29,81,86,35,F,2011
2/14/2020,$5.60,71.73,78.79,92.74,21.61,3.11,6,49,86,F,1998
3/14/2015,$7.78,10.42,45.85,48.67,15.61,69.37,71,79,39,F,2006
11/8/2017,$0.94,13.18,77.93,89.91,84.72,42.88,81,46,18,F,2003
11/26/2019,$7.98,4.69,44.82,37.07,74.03,86.18,27,89,65,F,1989
5/21/2019,$7.13,43.69,64.01,29.22,59.35,25.72,94,58,54,M,1999
9/30/2018,$4.68,53.31,51.29,92.45,21.01,40.66,69,27,60,M,1991
12/4/2016,$6.64,77.39,84.21,90.41,70.3,49.19,80,93,5,M,2005
4/12/2015,$9.65,3.76,10.26,42.63,30.36,38.12,95,89,54,F,1993
2/5/2017,$3.37,77.44,64.72,98.7,6.2,91.26,64,10,59,M,2002
6/11/2017,$4.26,46.1,35.31,70.11,1.37,7.55,64,35,97,F,2011
6/29/2018,$5.35,69.49,88.48,83.19,97.71,60.84,75,9,53,F,2000
4/17/2019,$8.82,89.07,59.07,66.08,70.07,24.23,87,90,76,F,2006
9/30/2017,$4.03,63.35,68.03,61.59,55.05,40.22,65,7,48,F,2003
5/4/2018,$8.18,19.25,76.8,10.98,49.04,60.32,35,43,24,F,1985
4/11/2017,$7.78,99.01,27.04,94.84,54.14,92.58,41,14,39,F,1999
7/26/2018,$8.14,17.55,88.66,83.97,90.53,97.95,86,48,88,M,2001
6/20/2018,$5.48,74.95,18.0,60.21,53.56,33.38,60,51,82,M,2002
2/28/2019,$7.83,13.05,2.02,77.7,91.23,12.78,2,94,10,F,2007
12/28/2018,$0.79,18.06,20.18,5.19,73.79,23.6,61,72,5,M,2009
5/10/2015,$8.89,25.11,46.01,79.02,91.16,72.11,60,97,41,M,1995
2/19/2020,$0.62,67.02,55.77,10.02,3.02,77.05,21,51,96,M,1998
6/18/2019,$2.22,90.56,57.68,79.35,74.93,71.28,45,50,15,F,1997
3/11/2020,$0.39,18.31,65.67,65.93,71.41,51.7,16,95,33,M,2012
1/7/2016,$7.07,3.91,11.32,22.92,58.63,47.56,91,27,96,F,2002
